sequence,pMIC
GYHGGHGGHGGGYNGGGGHGGHGGGYNGGGHHGGGGHG,6.12
WHWRIRKKLR,4.0
KLLKWLKKLLK,5.85
GLPVCGETCVGGTCNTPGCSCSWPVCTRN,3.8
GKCNVLCQLKQKLRSIGSGSHIGSVVLPRG,5.505
IKHQGRPQE,2.6
RWCRYAYVRVRGVLVRYRRCW,5.5
KLLLKLKLKLLKGWKRKRFG,4.0
YCRVRGGRCAVLSCLPKEEQIGKCSTRGRKCCRRKK,5.7
KKFPWWWPFKK,5.29
FLGGLMKIIPAAFCAVTKKC,5.05
RRIRFRPPYLPRPGRRPRFPPPFPIPRIPRIP,5.92
RSVCRQIKICRRRGGCYYKCTNRPY,4.976
KLLKLLLKLWLKLLKLLL,4.34
WKRLVAASAKKK,4.97
NWRKILGKIAKVAAGLLGSMLAGYQV,5.34
ACYCRIGACVSGERLTGACGLNGRIYRLCCR,4.82
FKARRWQWRM,4.47
IKKVASV,2.86
STIGKLPKWIIKTVNKFTKK,5.55
RICRIVVIRCIR,5.57
KWKLFKKIGKVLKKL,6.0
LNWGALLKHLLK,5.41
VIGSILGALASGLPTLISWIKNR,4.6
FSISPGKVLDKFGKIVGKVLKQLKKVSAVAKV,5.77
FWGKLLKLGMHGIGLLHQHLG,5.52
AVVKVPLKKFKSIRETMKEKGLLEDF,4.78
VRWRIRVAVIRA,5.98
GLPALISWSKRKRQQ,4.27
WPVVIRTVVAGYNLYRAIKKK,4.87
SGGYCGGWHRLRCTSYRSG,4.21
FRIRVRVKWKLFKKI,5.7
GVFLDALKKFAKGGMNAVLNPK,4.74
PPIVGSIPLGCG,3.89
GWLPTFGKILRKAMQLGPKLIQPI,5.85
KLKAGLAKWKAGLAKLKAGLA,4.82
DEDDD,4.19
KWKSFIKKLTTAVKKVLTTGLPALIS,6.0
LIGPVLGLVGSALGGLLKKIG,5.1
RKCLRWQWRMRKVGG,5.0
FLPILASLAAKFGPKLFCLVTKKC,4.746666666666666
IKKIVSKIKKLL,5.51
GCRFCCNCCPNMSGCGVCCRF,4.78
KLLKFIKKLL,3.49
GLFSVVTGVLKAVGKNVAKNVGGSLLEQLKCKKISGGC,4.8
LFGFLIPLLPHIIGAIPQVIGAIR,4.71
RCVCTRGFCRCVCTRGFC,5.66
GKIPVKAIKQAGKVIGKGLRAINIAGTTHDVVSFFRPKKKKH,5.86
GKYGFYTHVFRLKKWIQKVIDQFGE,5.76
FLFPLITSFLSKVL,4.0
IKKRWWWFR,4.34
SIGAKILGGVKTFFKGALKELAFTYLQ,4.08
GMWSKLLGHLLR,5.52
KIGAKIKIGAKIKIGAKI,5.4
VKRFKKFFRKFKKSV,4.72
DFGCARGMIFVCMRRCARMYPGSTGYCQGFRCMCDTHIPIRRPPFIMG,5.29
WFRKQLKW,5.883333333333333
FIFHIIKGLFHAGKMIHGLVT,5.3
FLSLIPHAINAVSALANHG,4.79
GLAKRIKTLL,4.47
AKCLRWQWEMRKYGG,3.82
GIINTLQKYYSRVRGGR,5.0
VDKGSYLPRPTSHPRPIRV,5.52
GIGKFLHSAKKFGKAFVGEIMNSGGS,4.6
GLVSSIGRALGGLLADVVKSKGQPA,4.38
ILPWKWPKKPWRR,5.55
GRLKKLGKKIEGAGKRVFKAAEKALPVVAGVKALG,6.9
WHWTWL,3.3
RAYCRRRFCVAR,5.72
RLGRLVSLHTLG,4.0
VNWKKVLAKIIKVAK,6.15
ILGAVWNGVKSLF,4.15
FLGAVFKALSKLL,4.67
FFPLLFGALSSMMPKLF,4.806666666666667
INLKAIAPLAKKLL,4.185
DTLACRQSHGSCSFVACRAPSVDIGTCRGGKLKCCKWAPSS,4.22
GIKIAKKAITIAKKIAKIYW,5.15
GILSSFKDVAKGVAKNVAAQLLDKLKCKITGC,5.0
VWPLVIRTVIAGYNLYRAIKKK,5.32
ILPILAPLIGGLL,3.9
FFRHLFRGAKAIFRGARQGWRAHKVVSRYRNRDVPETDNNQEEP,5.03
INWSSIFESVKNLV,4.0
GEKLKKIGQKIKNFFKKL,5.2
FLPILGNLLSGLL,3.85
RPDKPRPYLPRPRPPRPVR,5.15
GVIDAAAKVVNVLKNLF,3.7
LRPAILVRTK,3.36
FSTKTRNWFSEHFKKVKEKLKDTFA,4.09
THIHMNARLLIRSPFTDPQL,3.96
GLFDVIKKLLKKIKGL,5.51
HLNKRVQRELIGWLDWLK,3.49
FKRLKKLAKKIWNWK,5.4
KKLGAPSITCVRRAFA,4.22
GIFGKILGVGKKTLCELSGMC,5.556
LLPWKWPWWKWRR,4.79
VIPFVASVAAEMMQHVYCAASKKC,5.51
GWLRKLGKKIERIGQHTRDASIQVLGIAQQAANVAATAR,5.74
GNNRPIYIPQPRPPHPRL,7.03
RWCVYAYVRVRGVLSRYRRCW,5.81
IFGAIWNGIKSLF,4.97
AKCLRWQWRMRKVGG,4.51
AAHCLAKRKK,4.52
KKCPIVVIRVCK,4.94
GLPALISWIKRKRQQ,4.3
GLFDVIAKVASVIGGL,4.19
GIPCAESCVWIPCTVTALLGCSCKDKVCYLD,3.8
ALWKTMLKKLGTMALHAGK,5.74
GFLSTVKNLATNVAGTVIDTLKCKVTGGCRS,3.92
GLFDVVKGVLKGVGKNVAGSLLEQLKCKLSGGC,5.086
KKAAAFAAAAAFAAWAAFAAAKKKK,4.8966666666666665
WKKWWKKW,4.5
VALNENLLR,2.6
GLPTCGETCTLGTCYVPDCSCSWPICMKN,4.0
SGIQPEQHSS,4.0
RWFKIQMQIRRWKNKK,4.49
ARLKKCFNKVTGYCRKKCKVGERYEIGCLSGKLCCAN,5.05
RWCVYAYVRVRGGLVRYRRCW,5.81
GLVDVLGKVGGLIKKLLP,4.92
FLGKVFKLASKVFGAVFGKV,5.13
RKRKLILILIKRKR,5.1
GLLGVLGSVAKHVLPHVVPVIAEHL,4.41
GLLKKIKTLL,3.77
INLKAIAAFAKKLL,5.28
RWKIFKKIEKMGGSYCNRRTGKCQRM,4.7
GFGDSVKEGLKNAAVTILNKIKCKISECGGA,4.5
GLFDVIKKVASVI,4.64
WPKRLTKAHWFEIQHIQPSPLQSNRAMSGINNYTQHSKHQNTFLH,5.92
GLRKRLRKARNKIKEKLKKI,5.4
FKCRRWQWRMKKAGA,4.6
VQWRIRVAVIRK,4.83
RWWIRIRWH,5.89
FLSIIAKVLGSLF,3.75
KAYSMPRCKYLFRAVLCWL,5.115
PRPRPRPLPFPRPG,3.3
HFKGTLVNLAKKIL,4.8
FLPIVGKLLSGLSGLL,5.82
GRFKRFRKKFKKAFKKASPVIPLLHL,5.34
CVHGMTNTARTACIAP,4.22
GLLDTLKGAAKNVVGSLASKVMEKL,4.6
FVPWFSKFLGRIL,4.82
QSHLSMCRYCCNCCRNNKGCGFCCKF,4.3
DTIPCGESCVWIPCISSILGCSCKDKVCYHN,4.0
GIGSMLLGLAKNVGMSLLNKAQCKISGKC,4.93
SVLGTVKDLLIGAGKSAAQSVLTALSCKLSNSC,5.8275
GVVDILKGAAKDIAGHLASKAMNKL,4.0
RIKRFWPVVIRTVVAGYNLYRAIKKK,5.6866666666666665
RCYCRRRFCVCR,5.75
ILGKLLSTAAGLLSNL,3.705
VNFKLLSHSLL,4.01
GIGGALLSAGKSALKGLAKGLAEHFAN,5.2
NFAEIFAAVNKLIKQGVVKG,4.6
AFHHIFRGIVHVGKTIHRLVTG,5.46
LPKVMAHMK,4.0
KIRVRLSA,4.32
KKVVVKVKFK,5.59
IKAQGLPQE,2.9
GLSALISWIKRKRQQ,5.46
GRKSDCFRKSGFCAFLKCPSLTLISGKCSRFYLCCKRIW,6.8
GLFKVLGSVAKHLLPHVAPVIAEKL,4.42
QKAIRVRLSA,5.15
WKKILSKIKKLLK,5.5
VLNANLLR,2.6
AANIPFKVHFRCKSIFC,3.3
RLRKAVRLIK,5.3
PKLLKFLKWIG,4.51
FFGKVLKLIRKIF,4.0
FLSTIWNGIKGLL,5.11
RRIRPRPPRLPRPRPRPLPYPRP,5.55
SMLKVLKNLGKVGLGFVACKINKQC,5.0
LKVVFKVLFK,4.74
SPAGCRFCCGCCPNMRGCGVCCRF,5.3
GIGKFAHSAKKFGKAFVGEIMNS,3.89
FLSLIPKIAGGIAALAKHL,4.78
KFASKGLGKDLAKLGVDLVACKISKQC,3.7
RKFRNKIKEKLKKIG,6.43
KIKEKLKKIGQKIQG,3.84
ALWMTLLKKVLKAAAKAALKAVLVGANA,4.37
INWKSIFEKVKNLV,4.82
GLNALKKVFQPIHEAIKKINNHVQ,4.696666666666666
DDALKKLLKKLLKKL,4.359999999999999
RCVCRRGVCRCVCTRGFC,5.7
GIGGKPVQTAFVDNDGIYD,5.645
ILGLVISTIGNVLGGLLKNL,4.3
GLFAVIKKVAAVIRRL,4.24
RWWRKIWKW,5.06
GKLIKKFGRKAISYAVKKARGKH,5.22
ACYCRIPACFAGERRYGTCFYLGRVWAFCC,5.2875000000000005
GPIRRPKPRPRPE,4.1
KVYVVKIAVPCFPKSARSVS,3.93
HTCHFRRRPKVRKFKLYHEGKFWCPG,4.9
VLNENALR,2.9
FLPILAGLAAKLVPKVFCSITKKC,4.89
QQRFEWEFEQQ,3.48
KWKLFKKIGIGAVLKVLTTGLIALIS,6.0
IWSFLIKAATKLLPSLFGGGKKDS,4.61
AWKEKIRQYLKNEIKKKWRKAVIAW,6.0
KKAAALAAAAALAAWAALAAAKKKK,4.645
ILGTIPGLLKGL,3.59
FLGALFWVASK,3.79
NDAACAAHCLFRGRSGG,4.23
INWLKLGKKILGAI,4.17
RRPWRWPRWPWRR,4.8
KWWCFRVCYRGICYRRCRWK,4.0
RGGRLCYCRRRFCVCVGR,4.53
KKRYKKKYKAYKPYKKKKKF,4.9
RKSKEKIGKEFKRIVQRIKDF,6.82
GIFSKFAGRGLKNLFMKGAKKIGKEVGMDVLRTGIDIAGCKIRGEC,5.34
IKHQGLPQE,2.78
KCRRYCYRQRCVTYCRGR,6.3
AWLDKLKSLGKVVGKVALGVAQNYLNPQQ,5.3
ILPWKWPLWPWRR,5.17
AGKKTIRQYLKNKIKKKWRKAVIAW,5.1
FLGKVVKGASKVFPAVFGKV,3.91
ILGKIIKVVK,4.4
GIGHFLHKVKSFGKSWIGEIMNS,4.72
KKLAKALKLLALLWLKLAKALKKA,4.88
PVVFSVASKVVPSLISALKR,3.91
GLLSVLKGVLKTTGKHIFKNVGGSLLDQAKCKISGQC,5.52
FLGKVFKGASKVVPAVFGKV,3.91
GLLGLLGSVVSHVVPAIVGHF,4.0
GIMDTLKNLAKTAGKGALQSLVKMASCKLSGQC,6.3
IKWKRWWWR,4.65
CNGKRVCVC,3.99
GKFLHSAGKFGKAFLGEVMIG,4.0
VPYPQRDMPIQAFL,3.31
GRLQAFLAKMKEIAAQTL,5.4
GRPNPVNNKPTPHPRL,4.15
KWASLWNWFNITNWLWYIK,4.41
GKPRPYSPRPSSHPRPIRV,6.44
FLKALFKVASKVL,5.37
RLARIVVIRVRR,5.279999999999999
RLWRIVVIRVKR,5.74
GMWSKILGHLI,5.15
IIGPVLGMVGSALGGLLKKI,5.42
RVRRPVYIPQPRPPHPRL,6.05
GEILCNLCTGLINTLENLLTTKRKRQQ,5.21
GLMDTVKNAAKNLAGQLLDRLKCKITGC,4.7
RSITRPVLVRRRWRVRPVF,4.28
KKVLFKLKFK,5.61
GILSNVLGMGKKIVCGLSGLC,4.15
GLKDKFKSMGEKLKQYIQTWKAKF,5.501666666666667
LLKKLLKKLLKL,3.46
KKTWWKTWWTKWSQPKKKRKV,5.7
FFPSIAGLAAKFLPKIFCSITKRC,5.78625
RRICRCRIGRCLGLEVYFGVCFLHGRLARRCCR,5.46
ILGPVLGLVGDTLGDLL,4.22
KGLGKDLAKLGVDLVACKISKQC,3.7
GLRKRLRKPRNKPKEKLKKI,4.19
STLHLVLRLRAG,4.0
GLFGVLAKVAAHVVPAIAEH,4.19
GIPCAESCVWIPCTITALMGCSCKNNVCYNN,4.1
GAFGNFLKGVAKKAGLKILSIAQCKLFGTC,4.903333333333333
GLLSVLGSVAKHVLAHVVAVIAEHL,4.4
WKVFKSFIKKASSFAQSVLD,5.27
KRWRIRVRVIRK,6.02
GLFAVIKKVASVIKGL,4.52
FLGGLIKIVPAMICAVTKKC,5.005
VFQFLGKIIHHVGNFVAGFSHVF,3.89
LPRRNRWSKIWKKVVTVFS,4.800000000000001
FWQRNIRIRR,4.06
GKQYFPKVGGRLSGKAPLAAKTHRRLKP,5.04
GMWSKILGHL,4.0
GIMDTVKNVAKNLAGQLLDKLKCKITAC,4.6
GLFDIWKKLRWRR,4.75
GIFTLFKGAAKLLGKTLAKEAGKTGLELMACKVTNQC,5.5425
AVNIPFKVHFR,3.12
GFMDTAKNVAKNVAATLLDKLKCKITGGC,4.506666666666667
AWRFKNIRK,3.83
GLWSKIKEVGKEAAKAAAKAAGK,4.6
GFGSFLGKALKAALKIGANVLGGAPEQ,4.6
AGYLLGKINLKPLAALAKKIL,5.14
KYYCRVRGGRCAVLSCLPKEEQIGKCSTRGRKCCRRKK,5.7
WQQPSCSSICDYSCGKSACISYSGRCGCCASCRRGPIY,4.0
IHHQGLPQE,2.6
INWKGIAAMAKKLL,5.173333333333333
KIKEKLKKIGQKIQGLL,6.01
KRFKKFFKKLKNSVKKRVKKFFRKPRVIGVTFPF,6.42
SVMGTVKDLLIGAGKSAAQSVLKALSCKLSKDC,5.436
GKFMSLLKHILK,5.23
GGLKKLGKKLEGAGKRVFNAAEKALPVVAGAKAL,6.699999999999999
AKHQGLPQE,2.6
WGEAFSAGVHRLANGGNG,4.15
KKLALALKKPALLWKKLALALKKA,6.220000000000001
FFSMIPKIAGGIASLVKNL,4.2
RRLCRIVWVIRVCRR,5.245
WRWKWRWK,4.93
HGKKVLDSFSNGMKHLDDLKGTFAALSELH,5.3
FLPVIAGVAANFLPKLFCAISKKC,4.3
GRRPRPRPRPWWWWW,5.3
FLSMIPHIVSGVAALAKHL,4.6
GWGSFFKKAAHVG,4.36
FLPLIGRALSGIL,4.4
DYDWSLRGPPKCATYGQKCRTWSPPNCCWNLRCKAFRCRPR,6.61
WFHHIFRGIVHVGKTIHRLVTG,5.7
CWTASIPPRPC,3.09
FWGALAKGALKLIPSLFSSFSKKD,4.765
VWRHWRRFWH,4.3
GMWSKILGKLIR,5.415
GILDTFKGVAKGVAKDLAVHMLENLKCKMTGC,4.3
FLPAIAGMAAKFLPKIFCAISKKC,5.52
RPVYIPQPRPPHPRL,4.16
KRFKKFFKKLKNSVKKRAKKFFKKPRVIGVSIPF,5.795
ILPWKLPWWPWRR,4.87
GSKKPVPIIYCQRRTAKCQRM,4.89
IIGPVLGLVGSALGGLLKKI,5.3
RRWWHWWRR,5.06
RRWSFRVSYRGFSYRKSR,5.78
KQWRIRVAVIRA,4.67
GFWDSVKEGLKNAAVTILNKIKCKISECPPA,4.65
ILSLRWRWKWWKK,4.8
GLWDTIKQAGKKFFLNVLDKIRCKVAGGCRT,5.34
LFCKGGSCHFGGCPSHLIKVGSCFGFRSCCKWPWNA,6.234999999999999
AKKKGKCKGPLKLVAKC,4.0
HFLGKLVNLAKKIL,5.1
RLCRIVWVIRVCR,4.87
AGLQFPVGRVHRLLRK,5.43
AIHKLAHKLLKKLLRAVKKLAN,5.555
RRLRKKTRKRLKKIGKVLKWI,5.8
EKCLRWQWRMRKYGG,4.2
TRKRLKKIGKVLKWI,5.4
FLPGLLAGLL,4.913333333333333
SLGTPDHYHGGRHSISRGSQSTGPTHPGYNRRNAR,4.28
RIRWILRYWRWS,5.5
GIMISLMKKLAAHIAK,4.92
INWKKGKEVLKAL,4.0
NLLKSALKTVNKLLAAS,4.49
KYKKALKKLAKLL,5.59
AKKVSKRLEKLFSKIQNDK,4.82
VGVGGGFGR,3.51
LLRHVVKILEKYL,4.21
KWKARKNFIKGSSLGWLIQLFRKR,5.069999999999999
FLSSIGKILGNLL,4.4
AKRLKKLAKKIWKWL,4.49
GKGRWLERIGKAGGIIIGGALDHL,4.76
KLLKWLLKL,4.97
PKLKTFLSKWIG,3.97
GFRKRFNKLVKKVKHTIKETANVSKDVAIVAGSGVAVGAAMG,5.21
KMDSRWRWKSSKK,4.33
GLRKRLRKFRNKIKEKLKKI,5.54
FFGSMIGALAKGLPSLISLIKK,4.9
RGFRKHFNKLVKKVKHTISETAHVAKDTAVIAGSGAAVVAAT,6.72
GLFAVIKKVASVIKKL,4.263333333333334
RLWWKIWLK,5.55
KIAGKIAKIAGKIAKIAGKIAKIAGKIA,5.54
GIFLKVLGVGKKVLCGVSGLC,5.342499999999999
HFLGTLVNLAKKKL,3.89
DDDDDDD,3.24
ISKRILTGKK,3.705
GWKSVFRKAKKVGKTVGGLALDHYLG,5.6625
LRFILWWKR,5.49
KKKKKKAAFAAWAAFAA,5.8
VLNENLLR,2.76
FWGALFKVASK,4.1
KRGFGKKLRKRLKKFRNSIKKRLKNFNVVIPIPLPG,6.33
GIFGKILGVGKKVLCGLSGWC,5.15
WRRRYRRWRRRRRWRRRPRR,5.5
GILSTVFKAGKGIVCGLSGLC,4.3
GGVCPKILQRCRRDSDCPGACICRGNGYCGSGSD,3.8
LNWGAVLKHVVK,4.05
FDITKLNIKKLTKATCKVISKGASMCKVLFDKKKQE,5.206666666666667
TISQPEWFKARRWQWRMKKLGA,4.8
AAGRYQLLSRYWDAYR,3.82
FPLTWPTKWWKG,3.79
FFGSIIGALAKGLPSLISLIKK,5.22
KKLKLALAKLALLWKALALKLKKA,6.045
GIGKFLHSAKKFGKAFVGEIMNS,4.787142857142857
GMWSKILGHLKR,4.55
VARGWKRKCPLFGKGG,5.1
GLFDIIKKVASVVGGL,4.21
GVLDILKGAAKDLAGHVATKVI,4.915
KWCFCVCYRGICRCRCRG,6.05
GKIPVKAIKKAGAAIGKGLRAINIASTAHDVYSFFKPKHKKK,5.94
GIIPIISIIGKII,4.47
RGVAKFASKGLGKDLAKLGVDLVACKISKQC,4.0
QRRIRVRLSA,4.89
ILGKLLSTAAGLLKNL,4.49
ANFLPKIFCKITRKC,4.55
KKAAAAFAAFAAWFAAFAAAAKKKK,4.949999999999999
VRRFPAAAPFLRR,4.39
KKLLKWLKKLL,5.066666666666666
INWKKIASIGKEVLK,4.0
GVFTLLKGATQLIGKTLGKELGKTGLELMACKITNQC,5.5825000000000005
RRRIIIIIRRR,5.1
GFKDLLKGAKKALVKTVLF,4.92
RLKKHLKKIK,4.0
KRKLIKRK,4.19
ASENGKCNLLCLVKKKLRAVGNVIKTVVGKIA,6.16
GLNAFKKVFQGIHEAIKLINNHVQ,4.7
KLVKRFKKFFRKLKKS,4.66
FKCRRWQWRAKKLGA,4.15
GIFSKFAGKGLKNLFMKGAKTIGKEVGMDVLRTGIDIAGCKIKGEC,5.91
GLIDTIKNMALNAAKSAGVSVLNTLSCKLSKTC,5.176
GSVIKCGESCLLGKCYTPGCTCSRPICKKN,4.7
FCTMIPIPRCY,4.5600000000000005
SMLSVLKNLGKVGLGFVKCKINKQC,5.0
GFGCPLNQGACHNHCRSIKRRGGYCSGIIKQTCTCYRK,3.92
AWKETIRKYLKNEIKKKWRKAVIAW,5.7
CVHWMTNTARTACIAG,3.94
GNNRPVYIPQPRPPHPRI,6.063636363636364
GMLKRIKTLL,3.7
RQRVEELSKFSKKGAAARRRK,4.74
KRRGSVTTRYQFLMIHLLRPKKLFA,4.655
GLVTGLLKTAGKLLGDLFGSLTG,4.6
RRWRIVVIRVRR,6.013333333333334
FLGVVFKKASKVFPKVFGKV,4.24
PKVTITIQGSARF,4.49
GLPRKILCAIAKKKGKAKGPLKLVCKA,4.26
KWKLFKKIPKFLHLAKK,5.2
LLPIVGNLLKSLLGAKRKRAG,4.0
GIGGVLLGAGKATLKGLAKVLAEKYAN,4.0600000000000005
FFGWLIRGAIHAGKAIHGLIHRRRH,6.6
RPKHPIKHQGLPQEVLNENLLRFFVAPFPEVFGKEK,4.23
ILPLKWPWWPWRR,4.87
FRIRVRV,4.19
GIPCGESCVWIPCLTSAIGCSCKSKVCYRN,5.0
FLGALWNVAKKVF,5.81
GIMDSVKNVAKNIAGQLLDKLKCKITGC,4.8
RAGLQFPVGRVHRLLRK,4.8
MLTAEEKAAVTAFWGKVKVDEVGGEALGRL,4.35
ILGKIWEGIESLF,4.18
FAPLIGRVLSGIL,4.4
WKIVFWWRR,5.85
GMASKAGSVLGKLAKVAIGAL,4.6
RWCVYAYGRVRGVLVRYRRCW,5.81
SMLSVLKNLGKVGLGFVACKINKKC,5.0
RHWRRFWHR,5.2
RWFKIQLQIRRWKNKK,4.49
RRWCFRVCYKGRCRYKCR,6.99
FFFHIIKGLFHAGRMIHGLVNRRRHRHGMEELDLDQRAFEREKAFA,5.3
VTLASHLPSDFTPAVHASLDKFLANVSTVLTSKYR,4.06
GIMDSVKGLAKNLAGKLLDSLKCKITGC,4.77
IKWKAILDAVKKVI,5.31
GFRDVLKGAAKAFVKTVAGHIAN,5.58
KKLKKLLKKWKKLLKKLK,4.36
KFFKKLKNSVKKRAKKFFKKPRVIGVSIPF,5.76
RCVCRRGVCRCVCRRGVC,4.8
AKCRRWQWRMKKLGA,4.46
GILDTFKNMALNAAKSAGVSVLNALSCKLSKTC,5.418
GLMSLFRGVLKTAGKHIFKNVGGSLLDQAKCKITGEC,5.52
GIGASILSAGKSALKGLAKGLAEHFAN,5.76
GVVPVVSVVGKVV,4.0
GLFSKFVGKGIKNFLIKGVKHIGKEVGMDVIRVGIDVAGCKIKGVC,6.376666666666667
GLMSVLKGVLKTAGKHIFKNVGGSLLDQAKCKITGQC,5.369999999999999
IPWKLPATFRPVERPFSKPFCRKD,4.46
IGGYCSWLRL,4.49
KKKKKKAAWAAWAAWAA,5.55
RRWKIVVIRWRR,5.726666666666667
WFKKLLKKALRLWKKVL,5.14
VDKPPYLPRPHPPRRIYNNR,4.59
RIPCQYEDATEDTICQQHCLPKGYSYGICVSYRCSCV,4.46
GIIKKIIKKIIKKI,5.1
KKWWKAQKAVNSGPNALQTLAQ,4.54
IWKRWWWKR,4.35
FAGLAANFLPTIICKISYKC,4.34
GDACGETCFTGICFTAGCSCNPWPTCTRN,4.1
GLWNSIKIAGKKLFVNVLDKIRSKVAGGS,5.513333333333333
FLPIVGKLLSGLSGLS,5.605
GKMKEYFKKFGASFKRRFANLKKRL,5.82
KALAKALAKLWKALAKAA,5.22
FLPIVGKLLSGLL,3.89
ILPWKWPLLPWRR,4.85
RKRKSDVDFEAEFELFEDDD,3.99
EQEENVVKIQAFWKGYKQRKEYM,5.449999999999999
GVLATVKNLLIGTGDGAAQSVLKTLSCKLSNDC,5.384
VTCDILSVEAKGVKLNDAACAAHCLFRGRSGGYCNGKRVCVCR,4.66
PRPLPFPRPGPRPIPRPLPFPRPGPRPI,3.89
RPPHPRL,4.19
PHVALKPGKLKFIIPSPKRPVKLLSGGNTLHLVSTTKT,5.0
FLPVIAGVAAKFLPKIFCAITKKC,5.15
VTCFCRRRGCASRERLIGYCRFGNTIYGLCCRR,5.55
KFKWWRMLI,6.22
FILGKLWKGVKSIF,4.665
GFMDTAKNAAKNVAVTLLDNLKCKITKAC,5.87
GGLRSLGRKILRAWKKYGPIIVPIIRIG,6.1
GIMSSLMKKLKKIIAK,5.05
SKCRQWQWKIRRTNP,3.66
GLPALISWIKRKRQQG,4.72
LLKKLLKLLLKL,4.67
GLFDVIKKVASVIKKL,4.25
SIRDKGKTIAIDLAKSAGTGVLKTLMCKLDKSC,5.533333333333333
FLKLLKKLAAKFLPTIICKISYKC,4.75
RKWVWWRNR,4.05
GKPRPYSPRPTSHPRPIRV,5.713333333333333
FLPVIAGVLSKLF,4.4
FLKVVFKKASKVFPAVFGKV,4.24
RQRRVVIWW,5.89
IRPRPPRLPRPRPRPLPYPRP,4.795
IWRIFRRIFRIFIRF,4.8
GLFSKFAGKGIKNFLIKGVKHIGKEVGMDVIRTGIDVAGCKIKGEC,6.155
FLHHIVGLIHHGKLDMYRSNN,5.0
VNWKKILGKI,4.63
GVVDILKGAAKDIAGHLASKVMNKL,4.066666666666666
GLLSVLGSVAKHVLPHVVPVIAEHL,3.7
GLLKKWLKKWKEFKRIVGY,5.03
RRSRRGRGGGRRGGSGGRGGRGGGGRSGAGSSIAGVGSRGGGGGRHYA,5.25
GFGKAFHSVSNFAKKHKTA,4.0
SIITMTKEAKLGQLWKQIACRLYNTC,4.4
PRPLPFPRPGPRPI,3.89
DNTDSVVKIQSWFRMATARKSYL,5.72
GLFGVLAKVAAKVVPAIAEHF,4.8
LQKYYCRVRGGRCAVLSCLPKEEQIGKCSTRGRKCCRRKK,4.19
VFSVKGGKPSVVIKVVVAST,3.89
FKCRRWQWRMKKLGA,4.8100000000000005
AIHKLAHKLLKKLLKAVKKLAK,5.65
SMLSVLKNLGKVGLGFVA,3.7
RWQWRWQWR,4.825
IGKLFKRIVKRILKFLRKL,5.1
RRWQWRLCYCRRRFCVCVG,5.425
ALWLAIRKR,5.083333333333333
SGTSEKERESGRLLGVVKRLIVCFRSPFP,4.302
GKWMSLWKHILK,5.1
SFKKFWGGVKAIFKGARKGWK,6.233333333333333
IGKLPKWIIKTVNKFTKK,5.68
FKRLEKLFSKIQNDK,4.0
GIWDTIKSMGKVFAGKILQNL,4.89
AALRGCWTKSIPPKPCPGKR,4.34
FLGAWFKVASK,3.8
KKLAKAPKLLALLWLKLAKALKKA,5.715
SGRGKQGGKVRAKAKTRSS,5.39
ALWKTMLKKLGTMA,4.69
RRWRVIVKW,5.89
DGRGKQGGKVRAKAKTRSS,4.19
DLHIPPPDNKINWPQLSGGGGGSPKTGYDININAQQK,5.9
KIAGKIAKIAKKIAK,3.79
RKWVYWRNR,4.04
GFFALIPKIISSPLFKTLLSAV,4.0
FFKKFWGGVKAIFKGARKGWK,6.123333333333333
FLGWLFKWASK,4.44
SKVWRHW,4.0
FSIARLLKWWKG,5.105
GIMSSLMKKLAKIIKK,4.82
RWCVYAYVRVRGVLRRYRRCW,5.81
RWKIFKKIEKVGRNVRDGIIKAGPAVAVVGQAATVVKG,5.4
GLFGVLGSIAKHVLPHVVPVIAEKL,4.41
GIGKFLHAAKKFAKAFVAEIMNS,5.155
ILSLRWRWWKWKK,5.1
TKCFQWQRNMRKVRGPPVSCIKRDS,5.08
FLGELWNVWKSVF,5.050000000000001
ILPWKWPWWKWRR,4.99
GLGSFFKNAIKIAGKVGSTIGKVADAIGNKE,5.4
VIPIVSGLLSSLL,5.19
GLGKDLAKLGVDLVACKISKQC,3.7
GVWTTILGGLKKFAKGGLEALTNPK,4.3500000000000005
KPKGMTSSQWFKIQHMQPSPQACNSAMKNINKHTKRCKDLNTFLH,6.31
KTVPVVLKASIKVSSAGFGF,3.9
KWKFKKIGIGAVLKVLTTGLPALKLTLK,6.095000000000001
RVCYAIPLPICY,4.55
KIAGKIAKIAGKIAKIA,4.72
GIGGALLNVGKVALKGLAKGLAEHFAN,4.91
VDKGSYLPRPTPPRPIYNRN,6.346666666666667
VWLSALKFIGKHLAKHQLSKL,4.9
IKKWLSKIKKLLK,5.2
AIFIFIRWLLKLGHHGRAPP,3.89
GLFDIVKKLVSDF,4.0
ARRARKWARRALKLA,5.35
RAVAVIIRLRRV,5.1066666666666665
GLKALKKVFQGIHEAIKLINNHVQ,5.0
QGDGNFVIYTWKP,4.12
GLLSGILGAGKKIVCGLSGLC,5.44
AIRCLAKRRK,4.52
GWKKWLRKGAKHLGQAAIKGLAS,6.033333333333333
ILGKAWEGAKSLF,4.15
ISLNPPRSTIAMRAINNYRWRSKNQNTFLR,5.82
RFWPVVIRTVVAGYNLYRAIKKK,5.1850000000000005
GLFDVIKKVASVIGG,4.07
IGKKFKRIVKRIKKFLRKL,5.1
GVWDWIKKTAGKIWNSEPVKALKSQALNAAKNFVAEKIGATPS,4.635
KVLKAAAKAALNAVLVGANA,4.199999999999999
STLHAVLRLRGG,5.3
HQFRFRFRVRRK,5.1
KKRLKKIFKKPMVIGVTIPF,6.225
GFLDVIKHVGKAALGVVTHLINQ,4.58
FAHHIFRGIVHVGKTIHRLVTG,5.34
PFKISIHL,5.640000000000001
LRPAILVRIK,3.96
ILGPVLGLVGSALGGLI,4.19
KRWWKWWRR,5.55
GILKTIKSIASKVANTVQKLKRKAKNAVA,5.8
GLVTSLIKGAGKLLGGLFGSVTG,5.21
GFFGKRKEYFKKFGASFKRRFANLKKRL,5.82
LSAVGKIASKVVPSVIGAFK,3.89
GIHDILKYGKPS,5.3
GVWSTVLGGLKKFAKGGLEAIVNPK,5.3
FSVTWRWWKWWKG,5.15
CLAIGRR,4.22
GIGKFIHSAKRFGRAWVGEIMNS,4.43
GLLSGILGAGKHIICGLSGLC,4.1
FLSLIPHAINAVSTLVHHF,4.8133333333333335
RWCVYAYVRVRGRLVRYRRCW,6.1
RTCRCRLGRCSRRESYSGSCNINGRIYSLCCR,5.51
GTAWRWHYRARS,4.08
FKVVISKPGLSVRVGTALVT,4.21
LAKRRVLTLLRQLRRVSPSS,4.85
GLMDTIKGVAKNVAASLLEKLKCKVTGC,4.7
QLGELIQQGGQKIVEKIQKIGQRIRDFFSNLRPRQEA,5.31
FDVMGIIKKIAGAL,4.52
RRCARMYPGSTGYCQGFRCMCDTHIPIRRPPFIMG,5.3
ILENLLARSTNEDREGSIF,3.7
VLNENLAA,2.6
FLPLIGRVLSGIL,4.9925
FFRHIKSFWKGAKAIFRGARQG,4.85
VTADVLSFEAKGIAVNHSACALHCIALRKKGGSAQNGVCVCRN,4.0
GLPVCGETCTLGTCSTQGCTCSWPICKRN,3.8
FIKELLPHLSGIIDSVANAIK,3.96
FIPGLRRLFATVVPTVVGAINKLPPG,5.64
FLSHIAGFLSNLFGK,4.16
VIAFAKTKEAKAKLKGQAKG,3.91
RCRFCCRCCPRMRGCGICCRF,5.22
ILILILILKRK,4.19
ARNFGKEFTPV,4.92
INWLKLGKKIISAL,4.0
RRWWWRWRRW,5.035
GFKRIVQRIKDFLANLV,4.82
APRKNVRWCAISLPEWSKCYQWQRRMRKLGAPSITCIRRTS,6.08
KGIRGYKGGYKGAFKQTKY,4.25
ILPLKLPLLPLRR,4.79
KCRRLCYRQRCVTYCRGR,7.0600000000000005
FIKELLPHLSGIIDSVANAIKG,3.96
GILSTFKGLAKGVAKDLAGNLLDKFKCKITGC,5.15
IWGLIAHGVGHVGRLIHGLIRG,5.52
RIWFQNRRMRWRR,4.49
FQWQRNMRKV,3.52
GLLRKGGEKIGEKLKKIGQKIKNFFQKLVPQPE,5.5
VIPFVASVAAEMMQHIFCAASRKC,5.51
FIGALLGPLLNLLK,4.3
SGRGKTGGKARAKAKTRSSRAGLQFPVGRVHRLLRKGNYAQRVGAGAPVY,6.15
KISKKIMRTFLRRISKDILTGKK,5.59
LKKWLKKWLKK,4.87
GMWPKILGHLIR,4.48
KNVNSIVKIQAFFRARKAQDDYR,5.23
FLGALFKLASK,4.08
VWRKWRRFW,5.2
WRKFWKYLK,6.1
AAAAAAAAAAGIGKFLHSAKKFGKAFVGEIMNS,3.9
VDKGSYLPRPTPTPRYRPIYNRN,7.0
WLRAFRRLVRRLARGLRR,5.569999999999999
KRFWQLVPLAIKIYRAWKRR,5.7
GLRRALLRLLRSLRRLLLRA,5.1
ILPKKWPKLPWRR,4.54
AVNIPFKVHLRCKAAFC,4.7
YQWQRRMRLGAPSIT,3.49
RIWVIRWR,5.486666666666666
GLLGKLLKIAAKVGKKLL,4.6
KWFKRLEKLFSKI,5.51
VIDKAKMESLGITSRDTT,4.8
RGGRLCYCRRRFCVCE,6.52
GLLKRIKFLL,5.18
GNNRVYIPQPRPHPRL,3.89
WPSPGRPRPFPGRPKPIFRPR,4.75
IRCRRRFCRI,5.1
GVIAAAKKVVNVLKNLF,3.7
HHHLFGHVGHEVERSLHKVGHKLEHACHEVHKTAKKVQK,4.74
GLLRRLRDFLKKIGEKFKKIGY,5.4
SKHWLWLW,4.06
CKLLKTFLSKWIC,4.8
FRCRRRFCRF,5.4
RWFRIQLQIRRWRNRR,4.8
GLWSKIKTAGKSVAKAAAKAAVKAVTNAV,4.46
QVRWWGRYWRRKWATCR,4.27
GLFDVIKASVIGGL,3.43
GLLDTFKNLALNAAESAGVSVLNSLSCKLSKTC,5.315
LKKLKGRVSRSFLFFVKLRPAKRTLKKRIL,4.26
RKRIHIGPGRAFYTT,4.28
VKWRWKWKWRWKWKWKV,4.42
ILPWKKPKLPWRR,5.14
GVIDAAKKVVNVLKNLP,4.25
IKKIIKKIIKKI,4.81
ALWKNMLKGI,4.85
QPRPPHPRL,4.19
FVDLKKIANIINSIFGK,4.0
GLFTLIKGAVKMIGKTVAKEAGKTGLELMACKVTNQC,5.97
GLLDTIKGVAKTVAASMLDKLKCKISGC,5.7
VQLRIRVAVIRA,4.49
FTCNSYACKAHCILQGHKSGSCARINLCKCQR,4.0
GVFTLIKGATQLIGKTLGKELGKTGLELMACKITNQC,5.6066666666666665
GLMSSIGKALGGLIVDVLKPKTPAS,4.39
WWWLKRIW,4.9
GLNALKKVFKGIHEAIKLINNHVQ,4.7
FPVTWPTKWWKS,3.8
ILPKKKPWWPWRR,4.25
KWKLFKKIPKFLHSAKKF,5.21
KQWRIRVCVIRA,4.68
PMLRVRLASHLRKLRKRLLR,5.050000000000001
LLGMIPVAITAISALSKL,3.55
GIPCAESCVWIPPCTITALMGCSCKNNVCYNN,4.1
GKPRPYSPRPTSHPRPIR,4.21
GILKSLLKKLKKIIAK,5.0
AWLLAIRKR,5.366666666666666
KWKLFKKIPKFLHL,5.2
GKLQAFLAKMKEIAAQTL,5.395
FLGMLLHGVGHAIHGLIHGKQNVE,4.35
KKSCHTGLDRSAGWVIPIGTLVKKAILPWDRK,4.55
FLGALFKVASKVLPSVKCAITKKC,5.31
WWKRWKKLRRIFLML,5.73
GILSGLLGVGKMLVCGLSGLC,5.404999999999999
FPFSLIPHAIGGLISAIK,3.92
GVIDAAKKVVNVLANLF,3.7
IWDAIFHGAKHFLHRLVNPGGKDAVKDVQQKQ,3.8
YVLWKRKRWIFI,4.22
SMLSVLKNLKKVGLGFVACKINKQC,3.7
AVNIPFKVHFRCKAAFC,4.98
LKKISQRYQKFALPQYLKTVYQHQKAMKPWIQPKTKVIPYVRYL,4.54
WHWTWLRIRKKLR,4.9
IKKIIKKIIK,3.3
FMGGLIKAATKIVPAAYCAITKKC,4.615
SFLSTFKKLAIDAAKNAGQSVLHTLTCKLDNQC,5.0
GFVALLKKLPLILKHLP,5.51
CFCKRPVCDSGETQIGYCRLGNTFYRLCCRQ,5.08
FLGGLIKRPPAMICAVRKKC,3.94
RWCVRARVRGVRYRRCW,5.81
RLYRRLYRRLYRRLYR,6.15
HFLGTLVNLAKKIL,4.92
TRSRWRRFIRGAGRFARRYGWRIA,6.145
VQLRIRVCVIRK,4.82
VKRWKKWWRKLKKSV,5.04
TLLKKVLKAAAKAALNAVLVGANA,5.515000000000001
VQWRIRIAVIRA,4.97
FLGALIKGAIHGGRFIHGMIQNHH,4.4325
FIHHIFRGIVHAGRSIGRFLTG,5.26
GVSVAGAKKVKVLFVFPFLF,3.92
GLLKFIKTLL,5.76
WWKRWKRIRRIFMMV,5.74
AWKKTIRQYLKNEIKKKWRKAVIAW,5.7
GLFPKFNKKKVKTGIFDIIKTVGKEAGMDVLRTGIDVIGCKIKGEC,5.52
ILPWKWPWWPWRR,5.75
FMPILSCSRFKRC,5.5725
FKVTWKTKWWKG,5.51
GLADVIKKVASVIGGL,4.19
GAFGNFLKGVAKKAGLKILSIAQCKLSGTC,5.15
LLGDFFRKSKEKIGKEFKRIVQRIKDFLRNLVPRTES,5.1
GFLSILKKVL,5.04
ARNFGKEFTPVLQADFQKVVAGVANALAHRYH,4.14
RWKIFKKIEKVGRNVRDGIIKAGPAVAVVGQAATVVK,6.1
FFPIVGKLLFGLFGLL,5.7
KRIVKRIKKWLR,5.7
WWYNWWQDW,3.47
AWKETIRQYLKNKIKKKWRKAVIAW,5.7
RIWKRWWFR,4.35
EVVRNPQSCRWNMGVCIPISCPGNMRQIGTCFGPRVPCCR,4.59
FLPLLAGLAANFLPTIICKISYKC,4.819999999999999
LLKWLKKLLKK,5.55
ISSPLFKTLLSAVGSALSSSGGQE,4.0
KDLHTVVSAILQAL,4.18
GIWSSLLKKLKKIIAK,5.8
SALGRVASKVFPAVYCSITK,3.91
NLWAGILKHIIK,4.91
FIKWKFRWWKWRK,5.82
GIFSALAAGVKLLGNTLFKMAGKAGAEHLACKATNQC,4.6
KRKILILIKRKR,4.8
KLKHVGLHVGKLK,4.36
RGGGLCYCRRRFCVCVGR,5.95
LLGDFFRKSKEKIGKEFKRIVQR,4.633333333333333
NALSSPRNKCDRASSCFG,4.65
GFFGKMKEYFKKFGASFKRRFANLKKRL,6.208333333333333
GLFKKLRRKIKKGFKKIFKRL,4.685
SILGKLWKGVKSIF,4.65
GVWDWLKKTAKNVWNSDIVKQLKGKAINAAKNYVAEKIGATPS,4.61
GIGKFLHTLKTFGKKWVGEIMNS,4.89
RLCRIVVIRVCR,5.113333333333333
FFSMIPHIATGIASLVKNL,3.6
AAHCIALRKGYK,4.52
GLFGRLRDSLQRGGQKILEKAERIWCKIKDIFRG,6.206666666666667
RRWQWRMKK,3.73
IYYPPNHNFP,3.69
KKFGGGKTERARKAMAVE,4.5
KIAGKIAKIAGKIA,3.73
SPRVSRRYGRPFGGRPFVGGQFGGRPGCVCIRSPCPCANYG,4.3
GIMSSLMKKLKKHIAK,4.59
GNNKPVYIPRPRPPHPRLV,5.55
EPFKISIHL,4.91
QLKVDLWGTRSGI,4.0
RVVRPVVQGVKQKVR,4.44
FLGGVFKKASKVFGAVFGKV,4.81
FLPAVLRVAAKVGPAVFCAITQKC,5.133333333333334
KKSAGWVIPIGTLVK,3.9
FWGKLWEGVKNAI,4.52
IKKILSKIKKWWK,5.0
RKSKEKIGKEFKRIVQRIKDFLRNLVPRTES,5.1
GSKKPVPIIYCNRRTKCQRM,5.555
PRPFPGRPKPIFRPR,4.0
AHCLAIGRK,4.593333333333333
RRRLCPIVIRVCRR,5.800000000000001
RRWWRWWR,5.27
RLWRIVVIRVAR,5.926666666666667
IISTIGDLVKWIIKTV,4.46
FLGGVFKLASKVFPAVFGKV,4.52
ILPWKWPWLPLRR,4.25
KGIVGMLGKLF,4.56
FLPGLECVSGLKIVPTVFCAITRIC,5.58
NIWKKIFEKVKNLV,4.6
FLFSLIPSAISGLISAFK,5.0525
RWCVYAYVRVRGVGVRYRRCW,5.2
GSPALISWIKRKRQQ,3.82
GVVTDLLKTAGKLLGNLFGSLSG,5.1275
KWARLWRWFRITRWLWYIK,4.44
LNWGAGLKHGGK,4.0
RTKRRIKLIKNGVKKVKDILKNNNIIILPGSNEK,6.12
FLSGILKLAFKIPSVLCAVLKNC,4.866666666666666
GFFDRIKALTKNVTLELLNTITCKLGVTGG,4.51
EQHSSGKSDV,4.0
RIWVIWRR,5.746666666666666
RGGRLCYCRPRFCVCVGR,5.86
CKKLLKLCKKLLKLAG,4.7
KWKLFKKIRGGRLCYCRRRFCVCV,5.047499999999999
AAPRGGKGFFCKLFKDC,4.305
RGRKSSRRKK,5.4
KRKKRK,4.19
RIKRFWPVVIRTVVAGYNLYR,5.61
FKVKFKVKVK,5.0
RFRPPIRRPPIRPPFYPPFRPPIRPPIFPPIRPPFRPPLGPFP,5.63
FKCRRWAWRMKKLGA,4.82
INWKKIFQKVKNLV,5.1
DLIWKLLSKAQEKFGKNKSRSFQLFGSPPGQR,5.6
INLKAIAAMAKKLL,5.8
KKAAHVGKHVGKAAL,4.79
GLKKIFKAGLGSLKKGIAAHVAS,5.0
KEEQIGKSSTRGRKSSRRKK,5.0
VFIDILDKVENAIHNAAQVGIGFAKPFEKLINPK,4.306666666666667
SMLSVLKNLGKVGLGFVACKINKQC,5.005625
LDVKKIICVACKIKPNPACKKICPK,4.2
GLLGPLLKIAKKVGSNLL,4.3
GRFRRLRKKTRKRLKKIGKVLKWIPPIVGSIPLGCG,5.36
ILPLLLGKVVCAITKKC,4.52
GFKKLLKGAAKALVKTVLF,5.52
KIAKVALKALKIAKVALKAL,5.52
GKWSKILGKLIR,5.7
RGLRRLGRKIAHGVKKYGPTVLRIIRIA,6.6066666666666665
GLLKVIKTLL,5.56
FLPLKKLRFGLL,4.906666666666667
GLFDVVIGGL,2.98
LIKRK,4.19
GLTRLFSVIK,4.965
GKWGWIYITILFADVGGFKSSRHPEERRVQERRFKRITRGPD,4.35
FRRFFKWPRRPFKFF,5.140000000000001
RVVRPVVQVVKEKVR,4.45
FIFHIIKGLFHAGKMIHGLVTRRRH,5.6
ALWKTMLKKLGTMALHAGKAALGAAADTI,5.66
GLFKKLRRKIKKGFKKIFKRLPPIGVGVSIPLAGKR,4.725
FDLLGLVKSVVSAL,3.7
KPKDMTSSQWFKTQHVQPSPQASNSAMSIINKYTERSKDLNTFLH,5.0
GYNYAKKLANLAKKFANALW,5.46
SMLGVLKNLGKVGLGFVACKINKQC,4.4
IWRIFRRIFRIF,5.1
GILDTIKSIASKVWNSKTVQDLKRKGINWVANKLGVSPQAA,4.766666666666667
FKCRRWQWR,4.82
LVQRGRFGRFLRKIR,4.8
PGKYGFYTHVFRLKKWIQKVI,4.75
KRFKKFFRKLKKSVKKRKKEFKKKPRVIKVSIPF,5.58
CRFCCRCCPRMRGCGLCCRF,4.865
NGVQPKYKWWKWWKKWWW,5.38
IWSFLIKAATKLLPSLFGG,4.21
VANENLLR,2.6
IIGPVLGLIGKALGGLL,3.19
KSGGGGWGSGGGGGGGGGWWWSGWGVDR,4.61
KWKLFKKIGIGAVLKVLTTGLPALKLTK,5.94
GVVVRVGRVVVRGVRR,5.1
VWRRWRRFW,4.9
LNWGKILKHIIK,5.4
GLVGTLLGHIGKAILG,3.75
GVVDILKGAAKDILGHLASKVMNKL,5.2
RIKRWWWWR,5.57
ERPPGFSPFR,4.0
RWCSYAYVRVRGVLVRYRRCW,5.2
ELLKAVRLIK,5.0
VIHGLLKRIKTLL,5.7
ILAWKWPWWPWRR,4.46
SRWPSPGRPRPFPG,4.0
KAYSTPRCKGLFRALMCWL,5.1433333333333335
VRLRIRVAVRRA,5.3933333333333335
RCPGHTRQIGTSFGPRVKSCRKW,5.1
GFGCPNNYQCHRHCKSIPGRCGGYCGGWHRLPCTCYRCG,6.0
WGRKKRRQRRRPPQ,3.59
GRFKRFRKKFKKLFKKLSPVIPLLHLG,6.328
LLPKLKGLLFKL,4.09
GLNALKKVFQGIHEAIKLINKHVQ,4.7
ALRLAIRKR,5.466666666666667
TIAMRAINNYRWRSKNQNTFLR,5.15
FFPIVGKRLYGLL,4.33
IDWKKLLDAAKQIL,5.346666666666667
GLPRKILAAIAKKKGKAKGPLKLVAKA,4.0
APGNKAECEREKGYCGFLKCSFPFVVSGKCSRFFFCCKNIW,6.69
ILPFVAGVAAEMMQHVYCAASKKC,5.675000000000001
WKSDVRRWRSRY,4.19
WGHKLRSSWNKVKHAVKKGAGYASGACRVLGH,5.505
GFMKYIGPLIPHKVKAISDLI,4.0
GIFLDKLKNFAKGVAQSLLNKASCKLSGQC,5.7
GLLRKGGEKIGEKLKKIGQKIKNFFQKLVPQPEQ,5.986
MTPLWRVMGNKPFGAYCQDHVECSTGICKGGHCITSQPIKS,4.3
GILSSLWKKPKKIIAK,4.0
RLRRIVVIRVFR,5.4
KIAGKIAAIAGKIAKIAGKIAKIA,5.76
SLWETIKNAGKGFIQNLDKIR,4.81
GYFPGRPPFPRPFPRPPSRPFPRPPFPGPFPRPYPWR,4.9
ANLDAIIKIQAWARMWAARRQYL,5.46
GLFAVIKKVASVIGGL,4.29
RHRHRH,3.95
FLPVLTGLTPSIVPKLVCLLTKKC,3.85
KWKLFKKISKFLHLAKKF,4.6
SPRRRTPSPRRRRSQSPRRR,4.6
GLPVCGETCFGGTCNTPGCSCTWPICTRD,3.8
RWKIFKKIEKMGRNIRDGIVKAGPAIEVLGSAKAI,6.0
GIFSLIKGAAKLITKTVAKEAGKTGLELMACKVTNQC,5.21
FLPLIGRVLSGILGWKRKRFG,5.0
KRWWRKWWR,5.57
FKCRRWQWRMKKLGAPSITCVRRAFA,5.3100000000000005
RRIRPRP,3.3
GLLKRAKTLL,4.43
GLFSKFAGKGIKDLIFKGVKHIGKEVGMDVIRTGIDVAGCKIKGEC,5.95
VIHKLAKLAKKLAKLAK,6.9
KIKIPWGKVKDFLVGGMKAV,4.61
FLSLIPKLVKKIIKAFK,5.3
FLGALAKALSKLL,4.13
IVLNPWDQVK,3.02
RWCVYAYVRGRGVLVRYRRCW,4.3
ALWKNMLKGIGKLAGQAALGAVKTLVGAE,5.6425
KKAAACAAAAACAAWAACAAAKKKK,4.949999999999999
RRGHYY,2.6
SLFSLIKAGAKFLGKNLLKQGAQYAACKVSKEC,5.473333333333334
FASLLGKALKALAKQ,5.22
FLFKLIPKAIKGLVKAIRK,5.14
RRWCFRVCYRGFCYRKCR,6.39
GIMDTIKGAAKDVAAQLLDKLKCKITKC,4.12
FMKVLAVFGSVVTSAPKASK,3.91
QRFSQPTFKLPQGRLTLSRKFR,5.03
FIHHIIGWISHGVRAIHRAIHG,5.81
KKLKLALAKLAPLWKALALKLKKA,6.37
SRWPSPGRPRPFPGRPKPIFRPRPCNCYAPPCPCDRW,4.964
RFIYMKGFGKPRFGKR,4.326666666666666
GLFDIVKKIAGHIAGSI,4.24
GLFDVIKKVASV,4.0
GMWSKILGHLIR,5.64
KFHHIFRGIKHVGKTIHRLVTG,5.640000000000001
GVFDIIKGAGKQLIAHAMEKIAEKVGLNKDGN,3.93
RGLRRLGRKIAHGVKKYGATVLRIIRIA,6.0
KIAGKIASIAGKIAKIAGSIAKIAGKIA,5.82
FKVQNQHGQVVKIFHH,3.39
GIGTKFLGGVKTALKGALKELASTYVN,5.58
KKPKLPWKPKK,5.1
FLGALFKVA,3.68
FPISTLLKWWKG,4.58
ILRWKWRWWRWRR,5.85
QKKIRVALSA,4.84
FLKGIVGMLGKLF,5.52
FLGALFKFASK,4.09
WKKIPKFLHLLKKF,5.2
KRGKQGGKVRAKAKTRSS,5.39
RIRKKLR,3.3
KNWGAILKHIIK,4.77
IWNKIAKSIGKVLEKAL,4.82
ILRRVRVRAVAI,4.01
GFFLNALKNFAKTAGKRLKSLLNHASCKLSGQC,5.85
ILPWKWAWWAWRR,4.82
AEVAPAPAAAAPAKAPKKKAAAKPKKAGPS,5.7
WPRFPKPRKPTYPGPTYPGPTWPRPTWRRSATIDTEH,4.49
KWKLFKKI,4.19
IKLSPKTKDNLKKVLKGAIKGAIAVAKMV,5.2
FLWWLFKWAWK,3.91
KVANTVQKLKRKAKNAVA,4.3
FIHHIIGGLFSVGKHIHGLIHGH,5.16
PRPPHPPRPPHPPRPPHPPRPPHPRL,6.0
FLKWLFKWLKK,4.49
GVLSVIKNALPGIMRF,4.47
KVFIATLVVSSFLLAKPPRV,3.93
LKLKSIVSAAKKVL,4.3
GYKYINNIIKYINKFFKYIW,5.22
VRIHISGSSLGWLIQLFRKRIESLLQKS,4.3100000000000005
GLFSKFAGKGIKDLIFKGVKHIGKEVGMDVIRVGIDVAGCKIKGVC,5.57
KRFRIRVRV,4.21
VTCFCKRPVCDSGETQIGYCRLGNTFYRLCCRQ,5.51
IKSIASKVANTVQKLKRKAKNAV,4.75
RRLFRRILRYL,6.225
KRLFKKLLFSLRKY,4.52
SAVWRRWRRFWLRKRRKR,5.2
YKLLKLLLPKLKGLLFKL,5.06
FLPLIGRVASGIL,4.4
IGKLVKWIIKTVNKFTKK,5.68
KLWKLWLKWLK,5.4
KWKLFKKIPLAKKF,5.2
LKKLLKLCKKLCKLAG,5.0
QGVRNHVTCRIYGGFCVPIRCPGRTRQIGTCFGRPVKCCRRW,5.2
QLPICGETCVLGRCYTPNCRCQYPICVR,5.7
GLFDKWAWWRWRR,4.47
RIRRWKFRW,5.28
GVRNSQSCRRNKGICVPIRCPGSMRQIGTCLGAQVKCCRRK,4.49
GEGFLGMLLHGVGHAIHGLIHGK,4.81
GLLLDTVKGAAKNVAGILLNKLKCKMTGDC,5.446666666666666
VTCDVLSFEAKGIAVNHSACALHCIALRKKGGSCQNGVCVCRN,5.836666666666667
GIGGALLSVGKLALKGLANVLADKFAN,4.0600000000000005
INWSSIFESVSNLV,4.0
LKIAKGIIKSL,4.07
VNWKKILPKIIKVVK,5.92
RPKHPIKHQGLPQEVLNENLLRF,6.093333333333333
PPIQNPSMAPPTQNPYGQPMTPPTQNPYGQPMAPP,5.08
RRPRPRPRPWWWW,4.98
RRWHRHWRR,4.4
KIAGKIASIAGKIAKIAGKIAK,5.43
GIGPVTCLKSGAICHPVFCPRRYKQIGTCGLPGTKCCKKP,5.4
GLWDSIKIAGKKLFVNVLDKIRCKVAGGC,4.906666666666667
RVKRVWPLVIRTVIA,5.16
KLAGLAKKLAGLAKKLAGLAK,5.405
LLKELWTKIKGAGKAVLGKIKGLL,5.06
GLFSKLNKKKIKSGLIKIIKTAGKEAGLEALRTGIDVIGCKIKGEC,4.6
LPVLFSSAIAKVGIKLGAKV,3.9
RKRKILILIKRK,5.1
IFGSIYHRKCVVKNRCETVSGHKTCKDLTCCRAVIFRHERPEVCRPQT,5.3
GWFKKAWRKVKNAGRRVLKGVGIHYGVGLI,5.63
RGGRLCYCRGWICFCVGR,6.0
IFGAIWSGIKSLF,5.1
GILDTFKGVAKGVAKDLAVHMLEKLKCKMTGC,4.4
STVKVASKLAVVVSPISKGS,3.88
SLLDTFKNLAVNAAKSAGVSVLNALSCKISRTC,4.542
KWKVFKKIEKMGRNIRNGIVKAGPAIAVLGEAKAL,5.625
ILPWKWPWLPWRR,5.17
GLLGAMFKVASKVLPHVVPAITEHF,4.15
FLPVIASVAAKVLPKVFCFITKKC,4.3
FMPIIGRLMSGSL,5.205
SGKLCCRRKK,4.0
FVRWFSRFLGRIL,4.470000000000001
GIGTKILGGVKAALKGALKELASTYVN,5.225
RRPRPRPRPWWW,4.4
GFFSTVKNLATNVAGTVIDTLKCKVTGGCRS,4.11
GFKEVLKADLGSLVKGIAAHVAN,3.67
LYENKPRRPYIL,4.3
KILGVSKKIMRRISKDILTGKK,5.25
APRKQLKW,5.1066666666666665
LPFVAGVAAEMMQHVYCAASKKC,5.585
RFCFKGTPCG,4.583333333333333
GLNALKKVFQGFHEAIKLINNHVQ,4.1
IKQGLPQE,2.6
AGRGKQGGKVRAKAKTRSS,5.69
GGLRSLGRKILRAWKKYGPAIVPIIRI,5.585
KFWKLLKKALRLWAKVL,5.279999999999999
GMASKAGSIVGKIAKIALGAL,4.6
GVVTDLLKTAGKLLGNLVGSLSG,4.906666666666667
HTASDAAAAAALTAANAAAAAAASMA,4.52
WRWRWR,5.42
GNNRPVYIPQPRPHPRL,3.89
FLPAIVGAAAKFLPKIFCAISKKC,4.713333333333333
GWASKIGTQLGKMAKVGLKEFVQS,4.0
LDDLPGALSELSDLHAHKLRVDPVNFKLLSHSL,3.77
IFGAILPLALGALKNLIK,4.49
GFARIVQRIKDFLRNLV,4.82
HNKQEGRDHDKSKGHFHRVVIHHKGGKAH,5.7875
TAKVVVFVSFSYVVPKKRAC,3.94
GWGSFFKKAAAVGKAVGKAALTAYL,5.2
GLLKR,4.28
GKWWSLLKHILK,5.75
PVVGRVASKVFPAVIGLVKK,3.91
GIFSKISGKAIKNLFIKGAKNVGKEVGMDVVRTGIDVVGCKIKGEC,5.613333333333333
KFHHIFRGIVHVGKTIHRLVTG,5.4
FKCRRWQWRMKKLGKRSKNKGFKEQAKSLLKWILD,5.3
INMKASAAVAKKLL,4.84
CIAKGNGCQPSGVQGNCCSGHCHKEPGWVAGYCK,4.91
RWWRYWR,5.08
FPVTWPTKWWEG,3.79
GFCCPGNQLKCNNHCKSISCRAGYCDAATLWLRCTCTDCNGKK,4.57
ALWRRLLRRLLRSARRLG,5.73
RRWVIWRR,4.883333333333333
FPVTWPTKWWKG,3.79
KRIMKLKMR,3.65
QVVRNPQSCRWNMGVCIPISCPGNMRQIGTCFGPRVPCCRRW,4.4
RVMFKWA,4.77
WLGALFKVASK,3.79
HIQKEDVPSERYLGYLEQLLRLKKYK,3.77
TSRCIFYRRKKCS,4.712
GLLKRIKTL,4.38
KVFKRLEKLFSKIQNDK,4.3
NSQIRPLPDKGLDLSIRDASIKIRGKWKARKNFIK,4.2
ASVVNKLTGGVAGLLK,5.4
KKKLFWKIPKFLHLAKKF,5.7
FIGGIISFFKRLF,4.226666666666667
GLWSTIKQKGKEAAIAAAKAAGQAALGAL,5.1975
GPLSCGRNGGVCIPIRCPVPMRQIGTCFGRPVKCCRSW,4.4
SKVWRHWRRFWHR,5.2
GILSGILGVGKMLVCGLSGLC,5.44
KAACAAKCLWR,3.79
QLKVDLWGTRSGIQPEQHSSGKSDVRRWRSRY,4.1
FLGLIFHGLVHAGKLIHGLIHRNRG,5.32
GFIGKLASKVVPSVYCKVTG,4.21
LAHQKPFIRKSYKCLHKRCR,5.7
IRIRIRIR,5.15
IKHQGLPQA,2.6
TKLTEEEKNRLNFLKKISQRYQKFALPQYLK,4.79
GLLKRIKKLL,4.6
GLLNVIKDTAQNLFAAALDKLKCKVTKCN,4.1
RRFPWWWPFRR,5.02
FKCWRWQWRWKKLGAPS,4.25
IPHAVKAISDLI,3.7
GILNTIKSIASKLKRKAK,5.055
RIVFAVLSIVNRVRQ,5.81
KFFARLLASVRAAVKKFRKKPRLIGLSTLL,5.26
ILAWKWPWWAWRR,4.6
GANAAKKFATIAKKFINYLW,5.15
RKCLRWQWAMRKVGG,4.51
APRKNVRW,4.21
INWLKLGKKMMSAL,4.126666666666667
FKARRWQWRMKK,3.93
DAHGLLKRIKTLL,5.1
FKRIVQRIKDFLRNLV,4.7
ATCDLLSGTGANHSACAAHCLLRGNRGGYCNSKAVCVCRN,4.0
RRRWFW,5.07
FPLTCPTKWWKG,3.77
SLFSLIKAGAKFLGKNLLKQGACYAACKASKQC,5.22
GILSSIKGVAKGVAKNVAAQLLDTLKCKITGC,5.141666666666667
GALRGCWTKSYPPKPCK,4.52
AKKVFKRLEKLFSKIFNFK,5.426666666666667
KWCRCVCRRGICRCRCRK,5.92
GFFALIPKIISSPLFKTLLSAVGSALSSSGEQE,5.15
PRPRPLPFPRPG,3.3
GLLKRIK,4.47
ATCDLLSGFGVGDSACAAHCIARGNRGGYCNSKKVCVCRN,4.31
GTVRRFPWWWPFLRR,5.1
GLWQKIKQAAGDLASGIVEGIKS,4.85
LLIILRRRWRRQARARSR,5.1
GALFKVASKVLPS,3.82
FFHHIFRPIVHVGKTIHRLVTG,5.4
GKVLDKFGKIVGKVLKQLKKVSAVAKV,5.04
KRFHSVGSLIQRHQQMIRDKSEATRHGIRIITRPKLLLAS,4.49
KIAGKIASIAGKIAKIAGSIAKIAGK,5.79
LLPIVGNLLKSLL,4.7
KLLKKLLKWLK,5.85
GKPRPYSPKPTSHPRPIRV,5.56
GFKDLLKGAAKALKKTVLF,4.92
GLWSKIKEAAKTAGLMAMGFVNDMV,5.244
RRWWRWWRR,5.52
GSKKPVPIIYCNRRSAKCQRM,4.58
GVLSNVIGYLKKLGTGALNAVLKQ,4.630000000000001
YKWKIRFKR,5.39
KKWWWKWKKW,5.035
KKLLKKLLKWL,5.85
IGKLFKRIVQRILKFLRNL,5.1
GGLRSLGRKALRAWKKYGPIIVPIIRI,5.615
ECYCRRRFCVCVGR,6.4
ALKYRLFKKLKKF,4.45
GFKGAFKNVMFGIAKSAGKSALNALACKIDKSC,5.047499999999999
RPRPNYRPRPIYRP,5.673333333333333
GFLSALKKYLPIVLKHV,5.8100000000000005
LKLLKKLLKKLLKLL,4.89
IRIKIRIKIRIK,4.09
KWRQWQSKWRRTNPWFWIRR,5.76
GLMSLVKDIAKLAAKQGAKQ,3.91
GCRFTVKPYIKRIQLHYKGKMWCG,5.6
AALKGCWTKSIPPKPCFGF,5.86
GLFSVLGAVAKHVLPHVVPVIAEKL,4.89
GVVVRWGRVIVRGVRR,5.4
KIAKKIAKIAKKIA,3.77
IKHQGLPQED,2.9
LRWWWIKRI,5.015000000000001
FFHHIFRGIVHVGKKIHRLVKG,5.7
GEFKRIVQRIKDFLRNLV,4.22
AIPWSIWWRLLFKG,3.7
NGVQPKY,3.895000000000001
GWRLIKKILRVFKGL,5.66
CKSIFC,2.85
FFHHIFRGIVHVGKTAHRLVTG,4.7
AQKIISTIGKLPKWIIKTVNKFTKK,5.6
GVGKFLHSAKKFGQALASEIMKS,4.0
GILDAIKAFANALG,4.49
ATCDLLSGTGINHSACAAHCLLRGNRGGYCNGKAVCVCRN,5.01
IIGPVLGLVGSALGGLLKKIG,5.3
FKLFKKIPKFLHLAKKF,5.2
RWCVYAYVRVRGVLVRYRRCS,5.2
LRRWIRIRW,6.15
FLGGLFKLVPSVICAVTKKC,4.91
YDLSKNCRLRGGICYIGKCPRRFFRSGSCSRGNVCCLRFG,4.7
VLNENARL,2.9
KIAGKIAKIAGKIAKIAGKIA,5.506666666666667
TNYGNGVGVPDAIMAGIIKLIFIFNIRQGYNFGKKAT,7.32
FLPFVGRIASKVVPSVIGKV,3.92
PIRNWWIRIWEWLNGIRKRLRQRSPFYVRGHLNVTSTPQP,5.633333333333333
KLKLVALHKQVL,4.97
KKIMRTFLRRISKDILTGKK,5.029999999999999
FLGKVFKKASKVFPAVFGKV,4.84
KFWSLLKKALRLWANVL,5.12
RNPRPVYIPQPRPPHPRL,5.85
HFLGTLKNLAKKIL,5.1
GLNALKKVFQPIHEAIKLINNHVQ,5.1
RRWWRWVVW,6.15
GLISGILGVGKKLVCGLSGLC,5.176666666666667
LRRLWLRANRLLRRLWLRANRL,5.4
FLPGLECVW,3.73
FHFHLHFGGGFIKHFIHRF,4.58
FHFHLHFPSGSPFIKHFIHRF,4.32
IKLSKKTKDNLKKVLKGAIKGAIAVAKMV,5.51
LLRRVAGLLKQFAK,5.61
KNWKAILKHIIK,5.105
KRKILILILIKRK,5.1
KKTWWKTWWTKW,5.4
GKPRPYTPRPTSHPRPIRV,5.74
GLRKALRKFRNKIKEALKKI,6.0
FLGALWEVAKSVF,4.9
ITIPPIVKDTLKKFIKGAISGVM,4.1
ELDRICGYGTARCRKKCRSQEYRIGRCPNTYACCLRK,4.64
VLNENLRR,2.6
AKKVFKRLEKSFSKIQNDK,4.62
KKLALALKKLALLWKKLALALKKA,5.68
STLHLVARLRGG,4.0
KRKILIKRK,4.19
GLFGVLAKVAAHVVPAIAKHF,4.8
VRLEFKLQQTSCRKRDWKKP,5.455
FRRFFKWFRRFFKFF,4.865
IKKIWSKIKKLWK,5.5
RKWVAWRNR,4.01
INWKKMAATALKMI,5.66
VDKPPYLPRPRPPRRIYNN,5.17
RFRRLRWWTRKRLKKI,5.1
RKILILIKRK,4.8
GRRPRPRPRPFFF,3.8
FLPAVLRVAAKIVPTVFCAISKKC,4.6175
GIGGALLSVGKSALKGLTKGLAEHF,4.04
VLSAADKGNVKAAWGKVGGHAAEYGAEALERMF,3.84
GILSSFKGVAKGVAKDLAGKLLETLKCKITGC,5.333333333333333
GIFSKFAGKGIKDLIIKGVKGIAKEAGMDVIRTGIDIAGCKIKGEC,5.49
HRWWRWWRR,5.1
FFGHLYRGITSVVKHVHGLLSG,4.873333333333333
GLGSILGKILNVAGKVGKTIGKVADAVGNKE,5.4
EGVRSYLSCWGNRGICLLNRCPGRMRQIGTCLAPRVKCCR,4.59
GWRTLLKKAEVKTVGKLALKHYL,6.0200000000000005
ATCDLLSGFGVGDSACAAHCIARRNRGGYCNAKKVCVCRN,4.32
LSFPTTKTYFPHFDLSHGSAQVKGHGAKVAAALTKAVEHLDDLPGALSEL,4.1
RGKRWWRRKK,4.92
FALLGDFFRKSKEKIGKEFKRIVKRIKDFFRNLVPRTES,5.699999999999999
GVFTLIKGATQLIGKTLGKELGKTGLELMACKITEQC,6.035
AIPWSIWWHLLFKG,4.3
FLPLLAGLAANFLPKIFCKITRK,5.41
VNWKKILKKIIKVVK,6.15
KIAGKIAKKAGKIAKIA,3.82
KILGKLWKGVKSIF,4.66
FLPLVTGLLSGLL,3.89
AIHKLAHKLLPKTLRAVKKLAN,4.645
SVIGKIASKVVPSVYCAISK,3.9
KWKKFKKIGKVLKVL,6.3
ILGTILGLLKSL,3.82
ILGPVLGLVSNTLDDVLGIL,4.31
GWANTLKNVAGGLCKITGAA,3.995
PRPPHPPRPPHPRL,5.1
LKKWLKK,3.67
THVFRLKKWMQKVIDRFGG,4.949999999999999
FFAAIFAPIVHVGKTIHRLVTG,4.19
EWRPHGSNGGSSLRPGRPQTLPPQRPIQPDFNGPRQRF,4.0
VLPKVMAHMK,4.0
AKIPIKAIKTVGKAVGKGLRAINIASTANDVFNFLKPKKRKA,6.0
KCWNLRGSCREKCIKNEKLYIFCTSGKLCCLKPK,4.737500000000001
GMASTAGSVLGKLAKAVAIGAL,3.7
GIPCGESCVFIPCITGAIGCSCKSKVCYRN,5.925
KKAAAHAAAAAHAAWAAHAAAKKKK,4.19
SAVGKLASKVFPAVFSMVTK,3.91
RLYRRRFVVGR,5.0
VKRAGKGVAVVPSPLFKIVV,3.91
GLFDVIKKLLKKIGGL,5.2
KWKKLLKKLLKLLKKLLK,5.4
GLLGLLGSVVSHVLPAITQHL,4.33
KWKLFKKIPLHLAKKF,5.2
NLLNKALGTVNGLLGRS,4.19
GLLSGILGAGKHIVCGLSGPCQSLNRKSSDVEYHLAKC,5.8
GMASKAGSVLGKITKIALGAL,4.906666666666667
FLGPIIKMATGILPTAICKGLKKC,4.7
IKKILSKIKKLWK,5.03
FFPLVLGALGSILPKVFGK,3.82
FFHHIFRGIVHVGKTIHKLVTGT,5.6
HKWMSLLKHILK,5.43
RQKDKRPYSERKNQYTGPQFLYPPERIPPQKVIK,5.72
SIRDKIKTIAIDLAKSAGMGILKTLICKLDKSC,5.1875
VQLRIRVRVIRK,5.706666666666667
WCPPMIPLCSRF,3.7
ILPLKLPWWPWRR,4.55
GVLGAVKDLLIGAGKSAAQSVLKTLSCKLSNDC,5.625
FLSLIPHIVSGVASLAIHF,3.7
GIMSSLMKKLAKHIAK,4.82
LIAGLAANFLPQILCKIARKC,5.51
FLKGIVGKLGKLF,5.07
GWKDWAKKAGGWLKKKGPGMAKAALKAAMQ,5.16
MLLKKLLKKM,3.4
GGLKKLGKKLEGAGKRVFNAAEKALP,4.9
FFSMIPKIAGGIASLVKNLG,4.21
RGGLCYCRGRFCVCVGR,5.83
VNWKKILAKIIKVAK,6.15
SAVGRHLRRFGLRKHRKH,4.0
KKAAHVGKHVGKAAKK,4.25
GRRRRSVQWCAVSQPEATKCFQWQRNMRKVRGPPVSCIKRDSPIQCIQA,5.25
FLPAIVGAAGKFLPKIFCAISKKC,4.77
WKKVFKRLEKLFSKIWNWK,5.2
KWKSFIKKLTSVLKKVVTTAKPLISS,6.085
FDLLGLVKKVASAL,4.0
AKRLKKLAKKIWKWK,5.625
PRPRCRRRFCRPRP,4.8
GWKRKRFG,3.7
FLPIVGRLISGLL,3.9
GILSGILGVGKKLVCGLSGLC,5.32
GILDTLKQFAKGVGKDLVKGAAQGVLSTV,5.07
GVVDILKGALKDIAGHLASKVMNKL,4.9
GLFDIVKKVVGAVGSL,4.4
GLFSAFKKVGKNVLKNVAGSLMDNLKCKVSGEC,5.52
GLLSGILGAGKQKVCGLSGLC,5.386666666666667
VVAKKFFVLVKGLAPVLSPS,3.91
FAKKLAKKLKKLAKKLAK,6.01
RLKLLLRLK,4.64
SHQDCYEALHKCMASHSKPFSCSMKFHMCLQQQ,5.065
RVVRQWPIGRVVRRVVRRVVRL,6.14
GIHHILKYGKPS,4.49
IGKEFKRIVQRIKDFLRNLVPRTES,4.1
SSRRPCRGRSCGPRLRGGYTLIGRPVKNQNRPKYMWV,4.33
GVVDILKGAAADIAGHLASKVMNKL,4.0
FTPVLQADFQKVVAGVANALAHRYH,4.14
FFHHIFRGAVHVGKTIHRLVTG,4.7
SFLDTLKNLAISAAKGAGQSVLSTLSCKLSKTC,5.4375
RLYRRLYR,4.47
GMATKAGTAFGKAAKAIIGAAL,4.8
RLVRILVSKRPVAIKPYFRL,5.25
RFRRLRKKFRKRLKKI,4.19
FLGALFKVASK,3.77
GMLKRIKTLM,3.7
IGKKFKRIVQRIKKFLRNL,5.1
SVKVAKSVIPSAVFAGGKVF,3.89
VQWRIRIAVIRK,4.98
ILPFVAGVAAMEMEHVYCAASKKC,5.3775
GLRKRKRKFRNKKKEKLKKI,4.19
RWCVYAYVRVRGVSVRYRRCW,5.5
VFQFLGKIIHHVGNFVHGFSHVF,6.428
ILGKVWEGVKSLF,4.17
FLPLLAGLAANFLPKIFCKITRKC,5.702500000000001
FIGPVLKMATSILPTAICKGFKKC,4.706666666666667
AIVVGGVMLGIIAGKNSGVDEAFFVLKQHHVEYGSDHRFEAD,4.96
LKWLKKLLKKL,5.55
GNNRPVYIPQPRPPHPAL,4.21
LAAKLTKAATKLTAALTKLAAALT,5.12
YRLRVKWKW,5.01
ILGPVLGLDGNALGGLIKKI,4.29
GLGSLLGKAFKFGLKTVGKMMGGAPREE,5.22
GCKKYRRFRWKFKGKFWFW,4.62
GMWSKIKNAGKAAKAAAKAAGKAALGAVSEAM,5.3
ATCDLLSGTGVKHSACAAHCLLRGNRGGYCNGRAICVCRN,4.255
ILPWKWPKLPWRR,4.85
GFKEVLKAGLGSLVKGIPAHVAN,3.66
GLLSNVAGLLKQFAKGGVNAVLNPK,5.1
PKKKRKV,3.3
ALWKNMLKGIGKLAGQAALGAVKTLVGAES,5.912
LLAGLAANFLPTIICKISYKC,4.35
KKPKLPWLPKK,5.1
RVVRPVVQGVKEKVR,4.44
RKCNFLCKLKEKLRTVITSHIDKVLRPQG,5.75
RYRRKKKMKKALQYIKLLKE,4.66
STLHLVLRLRGG,5.0
GLLSVLGDVAKHVLPHVVPVIAEKL,3.7
IWSFLIKAATKLLGVGSLFGGGKKDS,4.62
VQLRCRVCVIRK,4.66
WCRRLCYKQRCVTYCRGR,6.19
PKLLKKFLKKWIG,4.62
KKYRYHLKPFSKK,3.89
SGISGPLSCGRNGGVCIPIRCPVPMRQIGTCFGRPVKCCRSW,4.4
VDKPPYLPRPRPPRRIYN,4.54
IKKIVSKIKKLLK,5.51
GIMSSLMKKLKKIIKK,4.66
FKKALHLFKPIKKFLKWK,5.2
ACQCPDAISGWTHTDYQCHGLENKMYRHVYAICMNGTQVYCRTEWGSSC,5.87
FKAFRWAWRMKKLAAPS,4.51
ILPILGNLLNSLL,3.9
INWLKLGKKMMSAI,4.15
AVLSALPKEEQIGKASTRGRKAARRKK,3.99
GIGTKILGGVKTALKGALKELASTYVN,5.172499999999999
IIRKIIRK,3.32
ILPWKWAWWPWRR,5.0
LCYCRRRFCVCVGR,5.9
GIMSLFKGVLKTAGKHVAGSLVDQLKCKITGGC,5.52
AWKLFDDGV,4.52
WKRWWKKWR,5.41
GLISGILGVGKMLVCGLSGLC,5.276666666666667
GLLDTIKNTAKNLAVGLLDKIKCKMTGC,5.52
NGVQPKYRWWRWWRRWW,4.74
FLPLIGKILGTIL,3.85
GLPLLISWIKRKRQQ,4.38
GRFRRLRKKTRKRLKKIGKVLKKI,4.645
DKLIGSCVWGAVNYTSDCNGECKRRGYKGGYCGSFANVNCWRT,4.0
GLFDVVKGVLKGAGKNVAGSLLEQLKCKLSGGC,4.52
INLKALAALAKKIL,4.92
VKDLAKFIAKTVAKQGGCYL,4.23
FFLLSLIPSAISAIKKI,4.62
LLCIALRKK,5.27
VDDDDK,3.05
INWSKIFEKVKNLV,4.9
LPLNTIPRPPYFPGKLPPRGGHLFPPTCVCVRSPCPCDQNWG,5.2
GLLKRIKTLL,4.3
SIITMTKEAKLPQLWKQIACRLYNTC,4.615
RPKPQQFFGLM,5.32
LFGVLAKVAAHVVPAIAEHF,4.19
LRKFRNKIKEKLKKIGQKI,5.19
KWKLFKKIEKVGQRVDAVISAGPAVATVAQAATALAK,6.0
GIGAVLKVLTTGLPALISWIKRKRQQ,5.82
RIRFPWPWRWPWWPPFRG,5.22
SLLSLLRKLIT,3.92
LKRIKTLL,4.5
DPVTCLKSGAICHPVFCPRRYKQIGTCGLPGTKCCKKPN,4.68
LKLLKWLLKLL,4.44
TTSIRRRYQVSLIRRHRGKR,4.645
TCSYTMEA,3.54
GILSSWLKKLKKIIAK,4.96
FLGALWNVWKSVF,5.81
GVIDIIKGAGKDLIAHAIGKLAEKV,3.5
FLGALAKIISGIF,4.0
RIRFPWPWRWPWWPRFRG,5.22
KWKKLLKKLLKLLKKLLKKLKKLLK,4.8
KKKLLLLLKKK,4.8
KTRNWFSEHFKKVKEKLKDTFA,4.04
GIRRILRYGRPS,5.4
INPFVAGVAAEMMQHVYCAASKKC,5.4325
AKKVFKRLEKLFSKIWNDK,5.33
GLMDTIKGVAKTVAASWLDKLKCKITGC,4.3
GKKYRRFWKFKGKWFWFWG,3.41
GIFPKIIGKGIVNGIKSLAKGVGMKVFKAGLNNIGNTGCNNRDEC,5.22
ILGKIAEGIKSLF,4.19
GFLSILKKVLAKVMAHMK,5.8
LKAAAAAAKLAAKAAKAALKAAAAAAKL,5.49
AGLQFPVGRIGRLLRK,5.2
RKRLKWWIY,5.46
WWRELLKKLAFTAAGHLGSVLAAKQSGW,4.8
GLLGPLLKIAAKVGSNLL,4.76
GWKSVFRKAKKVGKTVGGLALDHYL,5.42
KRKILILILIL,4.19
WKKWWKKWWK,4.81
KWKKFKKIGAVLKVL,6.6
FLGVVFKGASKVFPAVFGKV,3.91
GFFDRIKALTKNVTLELLNTITGKLGVTGG,4.8
TRSSRAGLQFPVGRVHRLLRK,5.413333333333333
GILDTIKNAAKTVAVGLLEKIKCKMTGC,4.77
AIGSILGRLAKGLPTLISWIKNR,4.9
GLWSKIKEAAKAAGKAALNAVTGLVNQGDQPS,5.1
SALGRLASKVVPAVIGKVTT,3.89
GLLKRIKTAL,4.36
FLKGIVGMLGKLL,5.369999999999999
MKSIAKFIAKTVAKQGAKQG,3.92
FWGALAKGALKLIVGSLFSSFSKKD,3.52
GFWGKLLEGVKKAI,4.82
KIAGKIAKIAGKIAK,3.77
GFISTVKNLATNVAGTVIDTIKCKVTGGC,3.96
GIFSKISGKAIKNLFIKGAENVGKHVGIDVVRTGIDVVGCKIKGEC,5.07
IKSIASKVANTVQKLKRKAKNAVA,4.6
KLLKWWKKLL,4.8
FVVKKKKKVF,4.1
GLFDIWAWWRWRR,3.87
VRRFPYYYPFLRR,4.56
GLMDVFKGAAKNLLASALDKIRCKVTKC,5.0
KRKLILKRILIKRK,4.8
YSRCQLQGFNCVVRSYGLPTIPCCRGLTCRSYFPGSTYGRCQRY,5.31
SMLSVLKNLGRVGLGFVACKINKQC,4.7
FFGSLLKLLPKLL,4.9
GFGALFKFLAKKVAKTVAKQAAKQGAKYVVNKQME,6.51
IPRPIDTCRLRNGICFPGICRRPYYWIGTCNNGIGSCCARGWRS,6.3
FLGALLGPLMNLLQ,3.8
GLARIVVIRVAR,4.92
KRKIKRK,4.19
KIAGKIAAIAGKIAKIAGKIAK,5.73
FLGAIAGVAAKFLPKVFCFITKKC,4.6
FLGGLIKWPWWPWRR,5.41
GIFSKLAGKKLKNLLISGLKNVGKEVGMDVVRTGIDIAGCKIKGEC,6.7
FFPIIAGMAAKLIPSLFCKITKKC,4.952
GLFDVIAKVASVIKKL,4.363333333333333
VAIYGRDDRSDVCRQVQHNWLVCDTY,4.19
INWLKLGKKILGAL,4.786666666666667
GIRCPKSWKCKAFKQRVLKRLLAMLRQHAF,6.3
LLKLLLPKLKGLLFKL,4.91
KVYLPRYKVYSTAAGRYQLL,3.82
AFFARLLASVRAAVKAFAKKPRLIGLSTLL,4.21
RKRWWWWFR,5.27
LKLKSIVSWAKAVL,4.6
FLPMLAGLAANFLPKIVCKITKKC,4.12
GEKLKKIGKKIKNFFQKL,4.9
FLGVVFKLASKVFPAVVGKV,3.92
KWCFCVCYRGICYCRCRG,5.16
GLFTKFAGKGIKDLIFKGVKHIGKEVGMDVIRTGIDVAGCKIKGEC,5.94
GLFSVLGSVAKHVVPRVVPVIAEHL,4.6
RICRCRIGRCLGLEVYFGVCFLHGRLARRCCR,5.54
RFRRLRDKTRDRLKKI,3.89
YPELQQDLIARLL,4.495
KKKSFIKLLTSAKVSVLTTAKPLISS,4.8
SILSGNFGVGKKIVCGLSGLC,4.6
VNWKKILPKIIKVAK,5.6
VLSAADKGNVKAAWGKVGGHAAEYGAEALERMFLSFPTTKTYFPHF,4.0
GILDTLKQLGKAAAQSLLSKAACKLAKTC,4.3
LKKWLK,3.61
GILMDTFKGAAKNVAGFLLDKLKCKISGGC,4.12
GFWSSALEGLKKFAKGGLEALTNPK,4.3
GILSKLGKALKKAAKHAAKA,5.1
LGVVGSLASKVVPAVISKVK,3.88
GLLSGTSVRGSI,4.55
GIWKTIKSMGKVFAGKILQNL,5.253333333333333
KIGAIKKWGAIKKIGAIK,3.88
AATKPKKAGAEAAPKKPAKKQTKKKPAKKAGGKKKPKRAGAKKAKK,6.7
KRKILI,4.19
IKKILSKIKKWLK,5.6
KWKLFKKIPKFLH,5.2
IKLSKETKDNLKKVLKGAIKGAIAVAKMV,4.9
GWLKKIGKKIERVGQHTRDATIQVLGVAQQAANVAATARG,5.92
KWRRWVRWL,5.04
GIGGKILGGLRTALKGAAKELAATYLH,5.58
DRCTKRYGRCKRDCLESEKQIDICSLPRKICCTEKLYEEDDMF,5.06
SIWEGIKNAGKGFLVSILDKVRCKVAGGCNP,5.444999999999999
VTCDLLSFEAKGFAANHSICAAHCLAIGRKGGSCQNGVCVCRN,4.4
GLGSVFGRLARILGRVIPKV,5.609999999999999
GIMSSLMKKLAAHIAK,4.53
KISKKIMRTFLRRILTGKK,5.065
GLGKFLHSAKRFGKAFVGEAMNS,4.12
ILPLVGNLLNDLL,3.7
GFSSIFRGVAKFASKGLGKDLAKLGVDLVA,4.0
PTTKTYFPHF,5.05
RWRYRW,4.31
KVKYFKRWLR,4.35
GLWNSIKIAGKNLFVNVLDKIRCKVAGGC,4.906666666666667
GIIKKIIKKIIKKIIKKI,5.7
GLMDTVKNVAKNLAGHMLDKLKCKITGC,4.89
FLPIAGKLLSGLSGLL,6.11
FFHHIFRGIVHVPKTIHRLVTG,5.1
ALPLIGRVLSGIL,4.4
FLPIIAGAAAKVVQKIFCAISKKC,4.6
DDALRRLLRRLLRRL,4.15
NGVQPKYRWWRWWRRWWWW,4.51
FLGVVFKLASKVFGAVFKKV,3.93
SKVWRHWRRFW,4.9
VTLASHLPSDFTPAVHASLDKFLANVSTVL,4.12
RWCVYAYVRVRGVLVRYRRCG,4.6
TISQAEWFKARRWQWRMKKLGA,4.62
KKWRKSFFKQVGSFDNSV,4.51
FALKALKKLKKALKKAL,5.68
KKTWWKTWWTKWKK,5.7
FWGALAKGALKLIPSLVSSFTKKD,4.8
FLSLALAALPKLFCLIFKKC,4.082
ILGPVISTIGNALGGLLKNL,4.29
PPCRGIFCRRVGSSSAIARPGKTLSTFITV,5.505
ILGKILEGIKSLF,4.8
LLKWLLKWLLK,4.26
RRIPRPILLPWRPPRPIPRPQPQPIPRWL,5.5775
RFRRLRKKWRKRLKKI,4.19
CYCRIPACIAGERRYGTCIYQGRLWAFCC,6.22
SMLSVLKKLGKVGLGFVACKINKQC,5.369230769230769
KWKSFLKTFKSPVKTVFYTALKPISS,5.98
FLGGLIKIVPAMICAVTKK,3.943333333333333
GFRDVLKGAAKAFVKTVAGHIANI,5.22
GMASLWAKVLPHVVKLIK,5.64
RRIRPRPPRLPRP,3.99
KRIKTLL,4.15
GVVDILKGAAKDAAGHLASKVMNKL,4.0
RLKLLLLLRLK,4.77
FRPALIVRTKGTRL,4.52
GRFRRLRKKTRKRLKKIGKVLKAI,4.8
GVVDILKGLAKDIAGHLASKVMNKL,4.9
RKRLRKFRNKIKEKLKKIGQKI,6.03
IKIPPIVKDTLKKVAKGVLSTIAGALST,4.3500000000000005
LKWGAILKHIIK,5.415
CYCRRRFCVC,4.97
GIMRVFKGVLKTAGKSVAKNVAGSFLDRLKCKISGGC,5.3
GKLFKKILKIL,5.62
FLSTLLNVASNVVPTLICKITKKC,3.82
QHSSGKSDVRRW,4.0
KWKLFLGILAVLKVL,4.74
GLFKVLGSVAKHLLPHVAPIIAEKL,4.42
LIGSLFRGAKAIFRGARQGWRSHKAVSRYRARYVRRPVIYYHRVYP,5.95
FLPIVTNLLSGLLGK,3.79
TSRCYIGYRRKVVCS,5.0325
GIHRILKYGKPS,5.66
SLGNFFRKARKKIGEEFKRIVQRIKDFLQHLIPRTEA,4.49
FLPLLLAGLPKFLCLVFKKC,3.29
FWGALAKGALKLIGSLFSSFSKKD,4.9
KKVVPKVKFK,4.08
AAKHAAHRA,3.27
GLFRRLRDSIRRGQQKILEKARRIGERIKDIFRG,5.7
GLFTLIKGAYKLDAPTVACN,4.72
FFPLIAGLAARFLPKIFCSITKRC,6.068333333333333
NLLNDALGTVNGLLGS,4.19
RVCSAIPLPICH,4.885
FLGKVFKKASKVVPAVFGKV,3.92
KWKSFIKKLTKAAKKVVTTAKKPLIV,6.17
GLFGKSSVWGRKYYVDLAGCAKA,5.3175
RWRRWKWWL,5.725
KLAKLAKKLAKLAK,6.0
FWGFLGKLAMKAVPSLIGGNKSSSK,4.62
ILGPVIKTIGGVIGGLLKNL,4.0
GFFDRIKALTKNVTLELLNTITCKLPVTPP,4.65
GIGRKFLGGVKTTFRCGVKDFASKHLY,4.12
GLGSLLGKAFKFGLKTVGKMMGGAPREQ,5.52
GRADYNFGYGLGRGTRKFFNGIGRWVRKTF,4.31
GIGKFLHSAKKFGKAFAGEIMNS,4.19
GNNRPVYLPQPRPPHPRI,5.246
RRIRPRPPRLPRPRPRPLPFPRPG,6.35
DLKGTFAALSELHCDKLHVDPENFKL,3.77
NLLGSLLKTGLKVGSNLL,4.1425
FVGALFKALSKLL,4.45
LKALKKLAKKLKKLA,5.4
RLRRIVVIRVRR,5.933333333333334
LQFPVGRVHRLLRK,5.33
RCYCRRRFCVCVGR,6.21
INWKKLLDAAKQIL,5.38
GFLDTFKNLALNAAKSAGVSVLNSLSCKLFKTC,5.3775
IKKWWSKIKKLLK,5.5
GGARSLGRKALRAWKKYGPAIVPIIRI,5.59
AIPWIWIWWLLRKG,5.22
GKWKKILGHLIR,5.545
QLPICGETCVLGGCYTPNCRCQYPICVR,5.6
GILDTLKQFAKGVGKDLVKGAAQGVLS,5.04
VLNENLLA,2.6
FWHHIFRGIVHVGKTIHRLVTG,5.7
ALFKTMLKKLGTMAL,5.35
GIKDWIKGAAKKLIKTVASHIANQ,5.22
VIVFVASVAAEMMQHVYCAASKKC,5.494
KALKKLLKLASSLLTAL,5.7
FLSLIPAAISAVSALANHF,3.58
RAWVAWRNR,3.39
GIINTLQKYYCRVRGGRCAVLSCLPKEEQICKCSTRGRKCCRRKK,5.7
DAACAAKCLWR,3.78
GLFTKFAGKGIKDLIFKGVKHIGKEVGMDVIRVGIDVAGCKIKGVC,5.55
ILKLFKRIVKRILKFLRKL,5.1
LLKWLKKL,4.02
GIGKFLHSAKKFGKAWVGEIMNS,4.4
RLKKIGKVLKWI,5.2
ILPWKWPWWPARR,5.55
RIIDLLWRVRRPQKPKFVTVAVR,5.2
GGLKKLGKKLEGAGKRVFNAAEKALPVVAGAKALRK,5.96
SKVWRHWRRFWHRAHRLH,5.505
RKWVKWRNR,4.03
SVLGTVKDLLIGAGKSAAQSVLTTLSCKLSNSC,4.3375
GIFSKFVGKGLKNLFMKGAKTIGREVGMDVLRTGIDIAGCKIKGEC,5.765000000000001
IGGIISFFKRLF,5.083333333333333
CKINKQC,3.7
FFPIVGKLLSGLL,5.335
RYPAVGYT,5.2
GIFPIFAKLLGKVIKVASSLISKGRTE,4.1
FWGFLGKLAMKAVPSLIGGNKK,4.62
LVQRGRFGRFLKKVRRFIPKVIIAAQIGSRFG,5.6
PRLKVYLPRYKVYSTAAGRYQLLSRYW,3.82
INWLRLGRRILGAL,4.0
QCRRLCYKQRCVTYCRGR,6.418
GCRRLCYRQRCVTYCRGR,6.0
GVVVRWGRVWVRGVRR,5.4
CKRFRIRVRV,5.12
KRMGIFHLFWAGLRKLGNLIKNKIQQGIENFLG,4.78
GIGKFLHSAKKFGKAFVGEIMNSKKKKKKKKKK,5.18
FRRWWKWFK,5.390000000000001
KARQWQSKIRRTNPIFAIRR,4.448333333333333
TMSLRFWRWKVR,4.11
KFLHLAKKFPKWKLFKKI,5.5
KRIGLIRLIGKILRGLRRLG,4.86
FLFKLIPKVIKGLVKAIRK,5.14
KILRGVSKKIMRRILTGKK,4.99
GLLKFIKWLL,4.66
GILGNIVGMGKKIVCGLSGLC,5.553999999999999
LTCNIDRSFCLAHCLLRGYKRGFCTVKKICVCRH,4.0
GLNALKKVFQGIHKAIKKINNHVQ,5.8
GLFDIWKKWRWRR,4.47
GLFSVLGSVAKHLLPHVVPVIAEKL,4.42
IKKIWSKIKKWLK,5.6
GWMSKIASGIGTFLSGMQQ,5.0
GRKKRRQRRRPPQ,5.7
GMWKKILGKLIR,5.67
GIGKFLHSAKKFAKAFVAEIMNS,5.7
GRFKRFRKKFKKLFKKASPVIPLLHL,5.34
FKCRRWQWRMKALGA,4.6
MPRRRRSSSRPVRRRRRPRVSRRRRRRGGRRR,5.1
YIPQPRPPHPRL,4.19
GLLALISWIKRKRQQ,4.41
KWKSFLKKLTSAAKKVLTTALKPISS,6.46
KMWSKILGHLIR,5.21
WGRAFRRLVRRLARGLRR,4.553333333333334
FLPPSPWKETFRTS,4.625
GLLSGVLGVGKKVLCGLSGLC,5.6466666666666665
GLFKVLGSVAKHLLPHVVPVIAEKL,4.5
GPIRRPKPRPRPRPE,4.1
CGGWHRLRC,4.12
FLGAIAAALPHVINAVTNAL,3.7
IKHRGLPQE,2.9
CWTKSIPPKPCF,5.2
FFHHIFRGIVHVAKTIHRLVTG,5.7
GIMSSLMKKLAKIIAK,5.43
GIWKTIKSMGKVFAGAIKQNL,4.9
GRWKRWRKKWKKLWKKLS,5.4
RFRRLRCKTRCRLKKI,4.495
VDNANDLLSKVKKDKSD,5.36
GVLGTVKDLLIGAGKSAAQSTLKTLSCKISNDC,5.698
RLPRPRPRPLPFPRPG,3.94
LIKHILHRL,3.36
FLPLIGRVLAGIL,4.4
LHAHKLRVDPVNFKLLSHSLLVTL,4.96
GRFRRLRKKTRKRLKKIGKV,4.711428571428572
WLRRIGKGVKIIGGAALDHL,4.4430000000000005
FFRLLFHGVHHVGKIKPRA,4.72875
KIAGKIASIAGKIAKIAGKIAKIA,5.77
PVGRVHRLLRK,4.62
EPILGIITSLLKSL,4.18
QRPYTQPLIYYPPPPTPPRIYRA,3.7
GKWMSFLKHILK,5.4
RCICTTRTCRFPYRRLGTCLFQNRVYTFCC,5.7
KIKWILKYWKWS,5.1
IKKIIKKI,3.3
ENFFKEIERAGQRIRDAIISAAPAVETLAQAQKIIKGGD,5.0425
RISFKKGKGSWIKNGLIKGIKGLGKEISLDVIRTGIDIAGCKIKGEC,5.3
ILENLLARSTNEDREGSIFDTGPIRRPKPRPRPRPEG,3.7
RLLKFIKKLL,3.5
FPVTWPTKWRKG,3.78
LKAKSIVSWAKKVL,4.3
PRRRK,3.3
GVVDILKGAAKDLAGHLATKVMNKL,4.3
LFRKQLKW,5.733333333333333
GTFIKQQRKQKQQRHHTSGTRKRMAK,4.69
FIFHIIKGLFHAGKMIHGLVTRRRHGVEELQDLDQRAFEREKAFA,5.6
KWKSFIKKLPSAAKKVVTTAKPLALIS,6.0
FLGALFKAVSKLL,4.59
GIGAVLKVLTTGLCALISWIKRKRQQ,3.9
ALWMTLLKKVLKAAAKAALNAVLVGANA,5.37
LFRLIKSLIKRLVSAFK,5.21
KHKHKHKHKH,5.13
KLPKWIIKTVNKFTKK,5.48
GLLSGLKKVGKHVAKNVAVSLMDSLKCKISGDC,4.4
GIMSIVKDVAKTAAKEAAKGALSTLSCKLAKTC,4.64
KLLAKAALKWLLKALKAA,5.21
GKWQSLLKHILK,5.1
GIGAVLVVLTTGLPALISWIKRKRQQ,4.65
NFLGTLVNLAKKIL,4.242500000000001
FKRLKKLFSKIWNWK,5.2
GLLDSLKGFAATAGKGVLQSLLSTASCKLAKTC,5.91
GWLDVAKKIGKAAFNVAKNFL,5.47
FRFKRFRKKGKKLFKKVSPPILLLHL,5.3
IWLTALKFLGKNLGKHLAKQQLAKL,5.16
LLAGLAANFLPKIFCKITRKC,5.27
KKVWFIFHVCPKLKQRIL,5.15
FAKWAFKWLKK,5.07
GTPGFQTPDARVISRFGFN,4.52
VNWKKVLKKIIKVAK,6.15
GNNRPVYIPQPKPPHPRL,5.473333333333334
ALWKNMLKGIGKLAGK,5.7
GLLKLIKTLL,5.74
KRIVQRIKKWLR,5.7
FLSLIPKAIKAVGVKAKKF,3.6
DTGPIRRPKPRPRPRPE,3.7
GIFPKIIGKGIKTGIVNGIKSLVKGVGMKVFKAGLNNIGNTGCNEDEC,6.0
VGIGTPISFYGGGAGHVPEYF,5.52
GVVDILKGAAKDIAGHLASKVM,3.94
FFGWLIKGAIHAGKAIHGLIHRRRH,5.8133333333333335
WWSYVRRWRSR,4.8
FLKVVFKLASKVFPAVFGKV,4.84
GLLGSIFGAGKKIACALSGLC,4.84
YQWQRRMRKL,3.515
DAEFRHDSGYEVHHQKLVFFAEDVGSNKGAIIGLMVGGVVIA,6.46
FIHHIVHAIGRLF,4.49
LVKLVAGIKKFLKWK,4.29
RIWKIWWKR,4.33
DAACAAHCLWR,3.78
IKIKIKIK,4.5
FLGKVFKLASKVFPKVFGKV,5.15
IKKVASVIGGL,3.02
GLWSTIKNVGKEAAIAAGKAALGAL,5.43
RRYHWRIYI,5.8
FLKLLKKLAAKLF,5.39
KIVKVITVKSISPASLVPVF,4.22
GIGAVLGVLTTGLPALISWIKRKRQQ,5.88
NLVSGLIEARKYLEQLHRKLKNRKV,4.04
VVKCSYRLGSPDSQCN,4.706
LPAVFKLASKVVPSVFGLVK,3.91
FRSGILKLASKIPSVLCAVLKNC,4.5633333333333335
AAHCLAMRRK,4.52
FLPVLAGVLSRA,4.56
FLPILGKLLSGLL,3.8
FFWHHIGHALDAAKRVHGMLSG,4.9
SIITMTKEAKLPQLGKQIACRLYNTC,4.39
FALLGDFFRKSKEKIGKEFKRIVQRIKDFFRNLVPRTES,5.4
KLFAVIKKVAAVIGGL,4.21
WRRRRRRR,4.36
APRKNVRF,3.89
LKWLKWG,3.89
FFHHIFRGIVHIGKTIHRLVTG,4.92
RGGRLCYCRRRFCVCR,5.94
ILKKWPWWPWRRK,5.37
RRWPLKPKKWPLI,4.54
RKKWFW,3.8
VRRFAWWWPFLRR,4.97
LSLIAAAGKETIRQYLKNEIKKKGRKAVIAW,3.89
GLRKKFRKTRKRIQKLGRKIGKTGRKVWKAWREYGQIPYPCRI,5.970000000000001
GLLDSLKNLAINAAKGAGQSVLNTLSCKLSKTC,4.4375
SFLDTLKNLAISAAKGAGQSVLSTLSCKLSETC,5.386
KLAGLAKKWAGLAKKLAGLAK,5.43
FIKRIARLLRKIF,5.13
GIMNTVKDVATGVATHLLNMVKCKITGC,4.3
ICLKKWPWWPWRRCK,5.12
VRNHVTCRINRGFCVPIRCPGRTRQIGTCFGPRIKCCRSW,4.635
GLWSKIKEVGKEAAKAAAKAAGKAALGAVSEAV,5.445
FLGALFKALSKLV,4.45
VTCDLLSLQIKGIAINDSACAAHCLAMRRKGGSCKQGVCVCRN,5.18
DANVENGEDAEDLTDKFIGLMG,4.07
RCYARRRFAVCR,6.19
VKRFKKFFRKLKKS,4.46
GIGRKFLGGVKTTFRGGVKDFASKHLY,4.0
FFFDTLKNLAGKVIGALT,4.21
KKVVFKVKFK,5.1
AKIPIKAIKTVGKAVGKGLRAINIASTANDVFNFLKPKKRKH,6.51
ALRLAIRRR,5.9350000000000005
GVWSTILGGLKKFAKGGLDAIVNPK,5.59
KKLIKKILKIL,5.64
RWRWRW,4.54
HKLGTLVNLAKKIL,5.1
RWWRWWRRWW,4.29
GVVVRVPRVVVRWVRR,5.4
KGIGSALKKGGKIIKGGLGALGAIGTGQQVYEHVQNRQ,4.5
GMATAAGTTLGKLAKFVIGAV,4.1
GLLKRIKWLL,5.79
IDWKKIFEKVKDLV,4.32
AAAAAAAIKMLMDLVNERIMALNKKAKK,5.0
KKFWEDDG,3.6
WWWRRRIW,4.6
GMATKAGTALGKVAKAVIGAAL,4.02
VTLASHLPSDFTPAVHASLDKF,4.59
RLARIVVIRVAR,4.92
KPVPIIYCNRRTGKCQRM,6.42
GFGDSVKEGLKNAAVTILNKIKCKISECPPA,4.51
KSPFVLVVSSRVAAVIKSLP,3.91
FKIKPGKVLDKFGKIVGKVLKQLKKVSAVAKV,5.58
GLKALKKVFQGIHKAIKLINNHVQ,5.3
RAGLQFPVGKLLKKLLKRLKR,6.09
KLFKKIGIGAVLKVLTTGLPALKLTLK,5.76
GLFDIVKKVVGTIAGL,4.21
LLSHSL,4.33
AQKIISTIGKLVKWIIKTVNKFTKK,5.6
FLPFLLSALPKVFCFFSKKC,4.8
RGRKSSRRK,5.0
LTCDILGSTPACAAHCIARGYRGGWCDGQSVCNCRR,4.3
GRRRRSVQWCA,3.58
SPIHACRYQRGVCIPGPCRWPYYRVGSCGSGLKSCCVRNRWA,5.92
KWLKKWLKWLKK,5.93
LFGLIPSLIGGLVSAFK,4.33
GLFDIVKKIAGHIASSI,4.25
RRRFFF,4.335
VLNENAAR,2.6
KSLRRVWRSWR,4.52
WRPGRWWRPGRW,5.4
GIHDILAYGKPS,4.82
GRFRRLRKKTRKRLKKIGKVLKWIPPIVGSIPLG,6.09
CIGNGGRCNENVGPPYCCSGFCLRQPNQGYGVCRNR,3.89
AIGSILGALAKGLPTLRSWIKNR,4.9
GFFALIPKIISSPLFKTL,4.77
FAEPLPSEEEGESYSKEVPEMEKRYGGFM,5.52
FKCRRWQWRWKKLGAKPVPIIYCNRRTGKCQRM,5.12
GIKKILKYGKKS,4.7
YSKSLPLSVLNP,5.22
MPLSWFFPRTWGKR,4.484999999999999
IRHQGLPQE,2.9
NGVQPWYKWWKWWKKWW,4.44
VRRFPWWWAFLRR,4.97
WKLFKKIPKFLHLAKKF,5.2
KRIVQRIKDFLRNLVPRTES,4.026666666666667
GLLKRIKT,4.61
RRIRPRPPRLPRPRPRPLPFPRPGPRPIPRPLPFP,6.133333333333334
GIFTLIKGAAKLIGKTVAKEAGKTGLELMACKITNQC,5.5925
SPAIWGCDSFLGYCRLACFAHEASVGQKECAEGMLCCIPNVF,5.58
HRWWRWWRH,5.1
FHPSLWVLIPQYIQLIRKILKSG,4.15
ENMFNIKSSVESDSFWG,4.0
GLFDIAKKVIGVIGSL,4.21
LGALFRVASKVFPAVISMVK,3.92
GMWSKILGHLIK,5.145
VLSAADKGNVKAAWGKVGGHAAEYGAE,4.27
DPVTCLKSGAICHPVFCPRRYKQIGTCGLPGTKCCKKPP,4.96
TSKYR,5.05
HLRRINKLLTRIGLYRHAFG,4.43
SWKSMAKKLKEYMEKLKQRA,5.0488888888888885
GLLDFVTGVGKDIFAQLIKQI,4.19
GCLEFWWKCNPNDDKCCRPKLKCSKLFKLCNFSF,5.01
FKIKPGKVLDKFGKIVGKVLKQLKKVS,5.28
FHFHLHF,5.09
SLFSIFKTAAKFVGKNLLKQAGKAGLETLACKAKNEC,4.12
NPEKALEKLIAIQKAIKGMLNGWFTGVGFRRKR,4.49
ILPWKWPYLPWRR,4.86
GFCWNVCVYRNGVRVCHRRCN,6.1
KSRQWQWKIRRTWPIFSIRR,5.430000000000001
VRLRIRVRVIRK,5.8966666666666665
SMLAVLKNLGKVGLGFVACKINKQC,5.0
GIGKALKKAKKGIGAVLKVLTTGL,4.82
GLLSTFKNLATNVAGTVIDTLKCKVTGGCRT,4.1
FLPIIAGMAAKVICAITKKC,4.415
FLPIIAGVAAKVFPKIFCAISKKC,4.85
RRRCPIVVIRVCRR,5.65
GNNRPVYIPQPRPPHPL,4.18
LLGDFFRKVKEKIGKEFKRIVQRIKDFLRNLVPRTES,4.706666666666666
KKWMSLLKHILK,5.52
GKWMSLLKKILK,5.545
GILSLFTGGIKALGKTLFKMAGKAGAEHLACKATNQC,5.22
RLARIVPIRVAR,3.75
SDEKASPDKHHRFSLSRYAKLANRLANPKLLETFLSKWIGDRGNRSVK,5.44
AIPCGESCVWIPCISTVIGCSCSNKVCYR,5.165
RWKVFKKIEKMGRNIRDGIVKAGPAIEVLGSAKALGK,6.33
IKKIWSKIKKLLK,5.6
AAKIILNPKFRCKAAFC,4.52
WFWKWWRRRRR,5.51
GLFDIIKKIAESI,3.7
FSEAIKKIIDFLGEGLFDIIKKIAESF,3.89
GLLDGILNANFNAAKSAGTSVLNALSCKLSKTC,4.964
SMATPHVAGAAALILSKHPTWTNAQVRDRLESTATYLGNSFYYGK,4.58
GFFSLIKGVAKIATKGLAKNLGKMGLDLVGCKISKEC,4.6
RRRVVVVVRRR,4.49
FLSHIAGFLSNLF,3.79
KWKLFKKIEKVGQNIRDGIIKAGPAVAVVGQATQIAK,4.816666666666666
SVPSVGAVLFFKRAAVMKLI,3.92
SWIKKDKFPSSTGPYNPNPPPPRF,4.0
FGLPMLSILPKALCILLKRKC,4.92
FLKALWNVAKSVF,5.81
GINTLKKVIQGLHEVIKLVSNHA,5.19
LPVVFRVASKVFPALISKLT,3.93
VKRFKKFFRKLKKSVK,5.109999999999999
INWKKIAEIGKQVLSAL,5.426666666666667
GVVDALKGAAKDIAGHLASKVMNKL,4.0
FLSLIPSLVGGSISAFK,3.8
LMDTVKNVAKNLAGHMLDKLKCKITGC,4.89
RLKLLLLRLK,4.75
INWKKIAEVGGKILSSL,5.42
ILILIKRK,4.19
FQWQRNIRKVR,3.79
WKKWWKRRW,5.41
SVMGTVKDLLIGAGKSAAQSVLKSLSCKISNDC,5.675
FLGVVFKLASKVFGKVFGKV,4.53
LVKRFKKFFRKLKKSVK,4.38
FLGKVFKKASKVFPAVVGKV,4.23
FLGSIVGALASALPSLISKIRN,4.6
IKKIWSKIKKWWK,5.6
HSSGYTRPLRKPSRPIFIRPIGCDVCYGIPSSTARLCCFRYGDCCHL,4.6
VFQFLGRIIHHVGNFVHGFSHVF,4.0
AAKKLSKLLKTLLKLL,6.0
KKKVVVVVKKK,4.19
FLSGIVGMLGKLFGK,5.0
RRWFWR,5.7
FLSTLWNAAKSIF,4.7375
TSFLNELNKYNEKKFI,4.5
KWKVFKKIEKKWKVFKKIEKAGPKWKVFKKIEK,4.52
HIQKEDVPSERYLGYLEQLLRLK,3.385
LILIKRK,4.19
GIGAVLDVLTTGLPALISWIKRKRQQ,5.88
FFPIIAGMAAKVICAITKKC,4.967499999999999
RRAAVVLIVIRR,5.385
GIFALIKTAAKFVGKNLLKQAGKAGLEHLACKANNQC,5.5600000000000005
CKKLLKLLKKLCKLAG,5.0
FVKKFWGGVKAIFKGARKGLK,5.823333333333333
GVFGLLAKAALKGASKLIPHLLPSRQQ,6.0
GIFSKISGKAIKNLFIKGAKNVGKEVGMDVVRTGMDVVGCKIKGEC,6.07
ILGAAWNGAKSLF,4.13
FKCRRWQWAMKKLGA,4.55
GIMDTVKNAAKDLAGQLDKLKCRITGC,4.64
FVQWFSKFLGRIL,5.28
KLLSHSLL,4.17
RRWCFRVCYKGFCYRKCR,5.29
FKCWRWQWRWKKLGAKVFKRLEKLFSKI,5.5
KWKKLLKKLLKLLKKLL,5.4
INWKKIFEKVKDLV,5.05
GIHDILKYGKPA,4.3
FWGAVWKILSKVLPHIPGTVKWLQEKV,5.925000000000001
FLGGLLASLLGKI,4.68
ILGPVISTIGNVLGGLLKNL,4.3
FFGWLIKGAIHAPKAIHPLIHRRRH,4.88
KNLRRIIRKIIHIIKKYG,5.02
RREAEPEAEPGNNRPVYIPQPRPPHPRL,4.19
GSTLACRQSHGSCSFVACRAPSVDIGTCRGGKLKCCKWAPSS,4.53
SAVGSVASKVVPSLISKVTK,3.88
LFGFLIKLIPSLFGALSNIGRNRNQ,4.75
GLISGLLGVGKMLVCGLSGLC,5.193333333333333
GLASTIGSLLGKFAKGGAQAFLQPK,4.0
GIFSKLAGKKIKNLLISGLKNIGKEVGMDVVRTGIDIAGCKIKGEC,5.28
GNNRPVYIPQPRPPHPRPIRV,5.2
CVHWGTNTARTACIAP,4.23
GLASFLGKALKAGLKIGSHLLGGAPQQ,4.6
GRFRRLRKKTRKRLKKIGKVLKWI,5.7
FKHHIFRGIVHVGKTIHRLVTG,5.28
ILGKLLSTAAKLLSNL,4.49
GVVDILKAAAKDIAGHLASKVMNKL,4.6
RRWWFR,5.4
RLKELITTGGQKIGEKIRRIGQRIKDFFKNLQPREEKS,6.066666666666666
SFPFFPPGICKRLKRC,4.46
FFAAIFRPIVHVGKTIHRLVTG,4.8
IWRIFRRIF,5.1
GCRRFKKFKKWRYRGRFWFWCFG,4.69
LNLKGLIKKVASLLN,4.52
STLHLVLRLRGA,4.0
FIPGLRRLFATVVPTVVCAINKLPPG,5.183333333333334
RRLRRLLRRLLRRLRR,4.3
VNWKKVLPKIIKVAK,5.3
VLNDNLLR,2.6
QKKARVRLSA,4.26
VLIKTRLFIKRK,5.52
NLVSDIIGSKKHMEKLISIIKKCR,4.63
GFWGKLWEGVKSAI,4.577500000000001
GLLDTFKNLAINAAESAGVSVLNSLSCKLSKTC,5.1
KCRQWQSKIRRTNPIFCIRR,4.46
NTVKETIKYLKSLFSHAFEVVKT,4.15
KLFAVIKKVAAVIRRL,4.26
GLKKLISWIKRAAQQG,5.25
KLLNLLPGLLAGIF,4.9
KFFKFFKFF,4.526
ILGKLLSTAAGLLSKL,3.59
GVVDILKGAAKDIAGHLASKVANKL,4.0
ILGAILPLVSGLLSNKL,3.59
KWKSFLKTFKSPARTVLHTALKPISS,5.7700000000000005
GIGGKILGGLKTALKGAAKELASTYLH,5.225
LCAIAKKKGKCKGPLKLVCKC,4.0
LIKHILHRLGGGFHFHLHF,3.96
SIGRRGGYCAGIIKQTCTCYR,5.7
GVFRVLRKVTRVVLKVIGKVLKWI,5.550000000000001
GLRKRLRKFRNKIKEKLKKIGQKIQGLLPKLAPRTDY,6.529999999999999
GLFDVIKKVASKIGGL,4.22
GIHDILKYGAPS,4.82
RWRWNRRTGRWRWY,5.1
GVVVRVGRVVVRWVRRRR,5.4
ILGKIWKPIKKLF,5.7
KWKFFKKIERVGQNIRDGIIKAGPAVAVVGQATNIAKG,6.31
IDPFVAGVAAEMMQHVYCAASKKC,5.33
SKVWRHWRRFWHRAHRKK,5.2
GFKRIVQRIADFLRNLV,4.22
LKWLLKWLL,5.38
FSEAIKKIIDFLG,3.76
FLPIIASVAAKVFSKIFCAISKKC,5.3
GLLDSFKNAMIGIAKSAGKTALNKIACKIDKTC,4.74
AAYLLAKINLKALAALAKKIL,4.99
FFHHIFRAIVHVAKTIHRLVTG,5.7
FLSTIWNGIKSLL,4.376666666666667
MLTAEDKKLIQQAWEKAASHQEEFGAEALTRMFTTYPQTKTY,5.26
GGARSLGRKALRAWKKYGPIIVPIIRI,5.585
GIGAVLWVLTTGLPALISWIKRKRQQ,5.23
ILAWKWAWWAWRR,4.89
ACADLRGKTFCRLFKSYCDKKGIRGRLMRDKCSYSCGCR,5.0
FSFLSRIF,4.0
FTQGVGNPVSCARNKGICVPSRCPGNNRQIGTCLGPPVKCCRRK,4.8
MDSFQKIEKIGEGTYGVVYKAKDKVSGRLVALKKIRLENESEGVPSTA,5.3
GILSSLLKKLKKWIAK,5.4
GLFDIIKKIAESF,4.061999999999999
ACHAHCQSVGRRGGYCGNFRMTCYCY,5.4350000000000005
GKIIKLKASLKLL,5.45
LKLSPKTKDTLKKVLKGAIKGAIAIASMA,5.406666666666666
ALWKTLLKKVLKAAAKAALNAVLVGANA,6.43
GIIKKIIKKI,3.9
RRRRRWFWFW,5.26
VKRWKKWRWKWKKWV,5.38
VNWKKILGKIIKVAK,5.85
LQKYYARVRGGRAAVLSALPKEEQIGKASTRGRKAARRKK,4.17
KIKLFKKWPKFLHLAKKF,5.7
LRPHPPRPQPIYVPRNNG,4.23
GLFSILRGAAKFASKGLGKDLTKLGVDLVACKISKQC,6.0
GIGGVLLSAGKAALKGLAKVLAEKYAN,5.933333333333334
GILDTLKQFAKGVGKDLVKGAAQGVL,5.02
GMASKAGAIAGKIAKVALKALGGC,5.2
FKCRRWQWRMKKLGAPS,4.430000000000001
RCYNGCCRRGYYGGCRCCAHPDEIPDPEYRAEPAYGHP,5.65
GRPNPVNNKPTSHPRPIRV,4.22
FLSLIPHAIKAVGVHAKHF,3.61
FLPGLECVSGKIVPTVFCAITRIC,5.41
ALWKNMLKGIGKLAGKAALG,5.7
AAAAGSVWGAVNYTSDCNGECKRRGYKGGYCGSFANVNCWCET,4.0
PKVMAHMK,4.0
GVLDILKGAAKDLAGH,5.0
FLPLLASLFSRLL,4.15
KKKIIIIIIKKK,5.1
ILPWKWPWAPARR,3.92
KWKKFIKNLTKGGSKILTTGLPALIS,6.075
GLFDVIKKVASVIGGA,4.2
GLLNGLALRLGKRALKKIIKRLCR,5.94
GLWNSIKIAGKKLFVNVLDKIRCKVAGGCKTSPDVE,5.205
GASPALWGCDSFLGYCRIACFAHEASVGQKDCAEGMICCLPNVF,4.41
GLADYWRTAFRANFANLGPGIRCKSARC,5.7
KKKFFFFFKKK,4.8
KWKLFKKIPKFLHLA,5.2
AFRKQLKW,5.42
GLLSGILGAGKRIVCGLSGLC,5.375
GLWEKVKEKANELVSGIVEGVK,4.38
RFRRLRKKKRKRLKKI,3.89
IRKLKSWKWLRWL,4.8
KKVVFKVKFH,4.76
MPKWKVFKKIEKVGRNIRNGIVKAGPAIAVLGEAKALG,6.61
NRFTARFRRTPWRLCLQFRQ,4.545
FLPKLLAGLPSFLCLVFKKC,4.8
VLSAADKGNVKAAWGKVGGHAAEYGAEA,4.27
GILGKLWKGVKSIF,4.49
FLSGIVGMLGKLF,4.988571428571428
LLKWLKK,3.67
GLFGKLQKKFGRKAISYAVKKARGKH,5.22
GLFDVIKKVASVIG,4.35
FLPAVLLVATHVLPTVFCAITRKC,5.75
KEFKRIVQRIKDFLRNLV,6.04
IDWKKIFEKVKNLV,4.89
GLPRKILAAIAKKKGKCKGPLKLVAKC,4.0
GFFALIAKIISSPLFKTL,4.69
QPEWFKARRWQWRMKKLGA,4.62
GIGKLFLHAAKKFAKAFVAEKMNS,5.62
GIRDILKYGKPS,5.3
FLPILGKLLSGFL,3.8
WLRAFRRLVRRLARLLRR,5.08
KWWVFRVVYRGIVYRRVRWK,5.19
GVLATVKNLLNGTGDGAAQSVLKTLSCKLSNDC,5.562
RFRRLRWRTRWRLRRI,5.4
WWWLSRIW,4.0
HFLGTLVNLKKKIL,3.89
FRRFFKWFRRPFKFF,5.324999999999999
KWKWKWKW,4.9
FAKGIAGMAGKLF,3.7
KFVRLKIYCRDKNKGRGISF,4.28
WGIRRILKYGKRS,5.0
KVISMI,4.94
FLGSLIGAAIPAIKQLLGLKK,3.92
FFFLRRIF,4.0
CVHGGTNTARTACIAG,3.88
WKKIASIGKEVLKAL,4.21
ALSILRGLEKLAKMGIALTNCKATKKC,4.55
PKLLETFLSKWIG,4.49
GRPRPFPGRPKPIFRPR,4.449999999999999
WMQKVIDRFGG,3.89
GFMDTAKNVAKNVAVTLLDKLKCKITGGC,4.0
GSKKPVPIIYCNRRATGKCQRM,5.3
KFFRKLKKSVKKRAKEFFKKPRVIGVSIPF,6.102
RRWPLKPWKKPLI,4.54
DKLIGSCVWGAVNYTSDCNGECKRRGYKGGYCGSFANVNCWCET,4.0
KWKLFKKGAVLKVLT,5.52
KSDVRRWRSRY,4.0
AWLLAIRRR,5.645
ILGTILGPLKGL,3.59
RWCVYARVRGVRYRRCR,5.5
GLLKVIKVLL,4.59
CGGYSGGWHRLRSTSYRCG,4.21
FLGKVVKKASKVFPAVFGKV,4.23
FLKLLKKLAAKFL,5.69
AVLSWLPKEEQIGKWSTRGRKWWRRKK,4.06
DCLSGRYKGPCAVWDNETCRRVCKEEGRSSGHCSPSLKCWCEGC,4.3
FFHHIWRGIVHVGKTIHRLVTG,5.7
GRPNPVPNPRPPHPRL,5.583333333333333
FRGLAKLLKIGLKSFARVLKKVLPKAAKAGKALAKSMADENAIRQQNQ,5.8
LFKVASKVLPSVK,3.85
FLPIVAKLLSGLL,4.8
GLWNSIKIAGKKLFVNVLDKIRCKVAGGCKTSPDVEYHK,5.206666666666667
TKPTLLGLPLGAGPAAGPGKR,4.83
GIGKFIHSAKKFGKLFVGEIMNS,4.72
GLLSLLSLLGKLL,3.92
RIKRFWPVVIRTVVAGYNLYRAI,5.486666666666666
AVVKVPLKKFKSIRE,4.54
ILPWKWPFFPWRR,5.7
FIHHIIGGLFSAGKAIHRLIRRRRR,5.3
FLKGCWTKWYSLKPKCPF,4.95
DAEFRHDSGYEVHHQKLVFFAEDVGSNKGAIIGLMVGGVV,6.44
KRKIL,4.19
GFKDWIKGAAKKLIKTVASSIANQ,5.52
GIMSSLMKKLKAHIAK,4.52
WRCRRRFCRW,5.7
AAHCLLKRKR,5.12
KKLKKLKKKWKKLKKKLK,4.37
FLWGLIPGAISAVTSLIKK,4.3
KWKIFKKIEKVGRNIRNGIIKAGPAVAVLGEAKAL,6.52
QSHLSMCSVCCNCCKNYKGCGFCCRF,4.62
IPWGKVKDFLVGGMKAV,4.31
SIRDKIKTMAIDLAKSAGTGVLKTLICKLDKSC,5.54
EGVRNFVTCRINRGFCVPIRCPGHRRQIGTCLGPQIKCCR,4.59
NFLDTLINLAKKFI,3.85
ALWMTLLKKVLKAAAKAALDAVLVGANA,4.12
KWKKFIKSLTKSAAKTVVKTAKKPLIV,6.48
KTKQQFLIKAQTQLFKVFGYTL,6.75
GFWGSLWEGVKSVV,4.19
KLLKRIKKLL,4.53
LNWGAALKHAAK,4.0
GFGTILKALAKIAGKVVKKLATKPGATYMLKENLK,6.5
HFLKTLVNLAKKIL,5.1
KIAKVALKAL,4.7
RWRRKWWWW,5.85
GFSSIFRGVAKFASKGLGKDLARLGVNLVACKISKQC,5.055
RLARIVKIRVAR,4.96
FLALIGRVLSGIL,4.4
GIRRILRYGRRS,5.52
FAKLLAKALKKLL,5.56
KWKKLLKKLLKLPKKLLKKLKKLLK,5.4
FPVGRVHRLLRK,4.66
ILGPVLGLVSNALGGLL,4.21
LRRLWLRANRL,3.89
KGRGKQGGKVRAKAK,6.2
SADQTGMNKAALSPIRFISKSV,4.06
FLGWLFKWAKK,5.06
FLPLAGRVLSGIL,4.4
GKWLSLLKHILK,5.720000000000001
VNWKKILG,4.0
RWCVYAYVRVRGVLVRYRRCW,5.846
ALLKLAPRLLAGIF,4.9
FLFSLIPSVIAGLVSAIRN,3.6
DHYNCVSSGGQCLYSACPIFTKIQGTCYRGKAKCCK,5.52
EWKLPDLIINHITLTRRNCNKYRCG,4.79
RRWVAWRNR,4.02
LIAGLAANFLPKLFCKITK,5.31
GLLSVLKGVLKTAGKHIFKNVGGSLLDQAKCKISGQC,5.319999999999999
FAKKLAKLAKKLAKLAL,5.97
FLGVVFKKASKVFKAVFGKV,4.84
GANALKKYFTILKKFFKLAW,5.47
LPLLAGLAANFLPKIFCKITRK,5.59
ADADDDDDK,3.07
GLFDIIKKIAESFKFSEAIKKIIDFLG,3.89
VSSKYLSKVKVKAGK,5.7
WFKMRWWGR,5.24
GFGMALKLLKKVL,5.52
INWKKIASIGKEVLKAL,5.109999999999999
GIFGKILGVGKKVLCGLSGMC,4.924
LVQRGRFGRFLRKIRRFRPKVTITIQGSARF,5.7
KWFRVYRGIYRRR,5.3100000000000005
ILGPVLSMVGSALGGLIKKI,5.03
GKPRPYSPRPTPHPRL,5.06
GLLKPLLKIAAKVGSNLL,4.91
MVVFSVPKFKSTVAKLLSSA,3.92
GLLSGVLGVGKKIVCGLSGLC,5.5440000000000005
DKLIGSCVWGAVNYTSDCAAEKRRGYKGGYCGSFANVNCWCET,4.0
AQWFAIQHISLNPPRSTIAMRAINNYRWRSKNQNTFLR,6.35
GIHDALKYGKPS,4.7
AAHCLAIGRR,4.866666666666667
GKWKSLLKHILK,5.415
LLKWLKKWLKK,4.57
KYYSRVRGGRSAVLSSLDK,5.4
KVPVGAIKKGGKAIKTGLGVVGAAGTAHEVYSHIRNRH,4.0
KLLSHSL,4.11
KWKWKWKWKW,4.9
NGKRVCVCR,4.01
IISTIGKLVKWIIDTV,5.1
ITIPPIVKNTLKKFIKGAVSALMS,4.4
KRFKKFFRKLKKSVKKRAKEFFKKPRVIGVSIPF,5.57
AKCLRWQWRMRKYGG,4.6
RWCVYRYVRVRGVLVRYRRCW,5.2
ALWKTMLKKLGT,4.27
AKKIRVRLSA,4.85
QRVRNPQSCRWNMGVCIPFLCRVGMRQIGTCFGPRVPCCRR,4.4
YSWPRMPRIPRLPRYPRYPRYPRWPRWPRQPTIYA,5.7
RLARIVVIRVAG,4.92
VRRVRKWVRRVLKLV,5.52
LKKLLKKLLK,4.5
NNRPVYIPQPRPPHPRI,5.72
SAVGRHLRRFLLRKHRKH,4.0
RQIRIWFQNRRMRWRR,5.1
RWCFRVCYRGICYRKCR,6.15
VCYCRRRFCVCVGR,6.46
GANLAKKFYTYINKFINYAW,4.58
RAGLQFPVGRVHRLL,4.43
KKLALAPKKLALLWKKLALALKKA,6.225
GVPCAESCVWIPCTVTALLGCSCKDKVCYLN,3.8
GKWMSALKHILK,4.7
ALWKEVLKNAGKAALNEINNLVQ,4.8
HNSSKQWSHWLWHNGIRI,4.55
FFPIGVFCKIFKTC,4.52
RFRRLRKKTRKRLKKI,3.89
RLLRKFFRKLKKSV,4.8533333333333335
NPVSCVRNKGICVPIRCPGSMKQIGTCVGRAVKCCRKK,5.525
GLLKRIKSLL,4.0
FLKLLKKLL,4.85
GLLRRLRKKIGEIFKKYG,5.7
PSLLYKAKAVFCKPSAVAVF,4.22
PFKLSLHL,5.58
FALGAVTKRLPSLFCLITRKC,5.4675
FLLFPLMCKIQGKC,4.22
KKAAAMAAAAAMAAWAAMAAAKKKK,4.49
KIASIGKEVLKAL,4.0
WHWTWLPKKKRKV,3.6
AKCLRWQWAMRKYGG,4.06
GIGSLLAKAAKLGANLL,4.6
SDYLNNNPLFPRYDIGNVELSTAYRSFANQKAPGRLNQNWALTADYTYR,4.76
KKSLLAKAKNFGGKVITIFKA,4.3
KLLKVIKKLL,5.3
ALWMTLLKKVLKAAAKALNAVLVGANA,5.4
LQKYYARVRGGRAAVLS,3.8
RWRWRWK,4.74
GSKKPVPIIYCQRRSGKCQRM,4.88
QWGRRCCGWGPGRRYCRRWC,5.8
ALWDTLLKKVLKAAAKAALNAVLVGANA,4.16
AANFGPSVFTPEVHETWQKFLNVVVAALGKQYH,5.494999999999999
PHVALKPGKLKFIIPSPKRPVKLLSG,5.0
SKVLRHLRRFLHRAHRKL,4.0
FLGKVFKLASKVFPAVFGKV,5.13
KLPKLPWKPKK,5.1
GILDTVKGVAKDVAAHLLNMVKCKITGC,3.8
GLNALKKVFQGIHEAIKLINNHVK,4.7
VLSAADKGNVKAAWGKVGGHAAE,4.27
WWKDWWERW,3.47
GLFDVIKKVLKKIGGL,5.2
RQIKKAFRKMA,4.03
FLGPIIKIATGILPTAICKFLKKC,4.8933333333333335
KWKIFKKIEKAGRNIRDGIIKAGPAVSVVGEAATIYKTG,6.0
KRWWKWIRW,5.846666666666667
GLLDAIKDTAQNLFANVLDKIKCKFTKC,4.3
KRKKRFKWW,4.69
FFHHIFRAIVHVGKTIHRLVTG,5.7
KLPLLPWLPKK,4.19
GRRPRPRPRPWWW,4.7
QLKVDLWGTR,4.0
IIPFVAGVAAEMMEHVYCAASKKC,5.2625
FKTWKRPPFQTSCWGIIKE,4.35
ALWKTLLKKVLKAAAK,5.68
FLIGMTHGLICLISRKC,4.28
RICSRGKNCVSRPGVGSIIGRPGGGSLIGRPGGGSV,5.3
GVADILKGAAKDIAGHLASKVMNKL,4.0
LSFPTTKTYFPHFDLSHGSAQVKGHGAKVAAA,5.3
GLFKVIKKVAKVIKKL,4.26
FKHHIFRGIKHVGKTIHRLVTG,5.4
GILSGILGAGKSLVCGLSGLC,4.3
KWKKPLLKKLLKKL,5.2
GLKEIFKAGLGSLVKGIAAHVAS,4.6
KWKLFKKVLKVLTTG,6.3
RKKTRKR,3.59
KTCMTKKEGWGRCLIDTTCAHSCRKQGYKGGNCKGMRRTCYCLLDC,4.02
RWKRWWRWI,4.96
GILDTLKQFAKGVGKDLVKGAAQG,4.68
GVFTLIKGATQLIGKTLGKELGKTGLEIMACKITKQC,5.3125
GWASKIGQTLGKMAKVGLQEIIQPK,4.3
RPPQFTRAQWFAIQHISLNPPRSTIAMRAINNYRWRSKNQNTFLR,6.21
RIGSILGRLAKGLPTLISWIKNR,5.2
LLGMIKVAITAISALSKL,3.56
KIAGKIAKIAGKIAKIAGKIAKIAGK,5.81
LIGPVLGLVGSALGGLLKKI,5.32
SLLSLIRLLIT,4.9
FFGSLLSLGSKLLPSVFKLFQRKKE,5.373333333333334
LVKKLLKLAMGFG,4.83
GSKKPVPIIYCNRRGKCQRM,6.19
IPPFIKKVLTTVF,4.6
GIGKFLHKVGSFIKSWKGEIMNS,5.3
GLLRASSVWGRKYYVDLAGCAKA,4.9525
GIGKFLHSAGKFGKAFLGEVMKS,4.3
ATCDLLSGTGVGHSACAAHCLLRGNRGGYCNGKGVCVCRN,5.3
KALWKTMLKKLGTMAL,6.1
FHFHLHFASASAFIKHFIHRF,4.62
IVPFLLGMVPKLVCLITKKC,4.19
LIKIVPAMICAVTKKC,3.876666666666667
KKLIKVFAKGFKKAKKLFKGIG,5.79
FLKALFKVALKVL,4.47
VKRWKKFWRKWKKWW,5.08
GVITDALKGAAKTVAAELLRKAHCKLTNSC,5.598333333333334
KIKGAIKWKGAIKIKGAI,5.38
KKLFKKALKFL,4.93
FKIPPIVKDTLKKFFKGGIAGVMGQ,4.7
GIGKFLHSAGKFGKAFIGEIMKS,4.91
GILGKLWEGFKSIV,4.1850000000000005
VKGSWSKKFEVIA,4.784
LLPPWLRPRNG,3.82
RLWKRWWIR,4.34
KVALGVAQNYLNPQQ,3.81
WRNGRWWRNGRWWRNGRW,5.55
FLSLIPKIATGIAALAKHL,5.1
WKSYVRRWR,4.19
GIGGALLSAGKAALKGLAKVLV,4.845000000000001
SGKLWWRRKK,4.6
WLNALLHHGLNCAKGV,4.44
IIGLVSKGTCVLVKTVCKKVLKQG,4.6
VKKFPWWWPFLKK,4.95
SPEEARVKILTAIPEMREEDLSEE,4.0
RWCVYAYVRRRGVLVRYRRCW,6.1
RYWVAWRNR,3.72
FLGSVFKSASKVFPAVFGKV,3.92
VIPFVASVAAETMQHVYCAASKKMLKLNWKSSDVENHLAKC,6.11
KWKLFKKILKFLHLAKKF,4.9
FLKKVFKLASKVFPAVFGKV,5.75
GMASKAGSVAGKIAKFALGAL,4.1
RVKRFWPLVPVAINTVAAGINLYKAIRRK,5.865
KLLLPKLKGLLFKL,4.65
LPVLFKLASKVFPAVFSSLK,3.93
FFVLKFLLKWAGKVGLEHLACKFKNWC,5.71
AIHNLAHKLLKKLTRAVKKLAN,5.71
YPPKPESPGEDASPEEMNKYLTALRHYINLVTRQRY,5.63
GIGKFLHSAKKFAKAFVGEIMNS,4.8
SSMKLSFRARAYGFRGPGLQL,4.0
FLSTLLKVAFKVVPTLFCPITKKC,5.155
VTCDLLSFEAKGFAANHSICAAHCLVIGRKGGACQNGVCVCRN,4.4
RSTEDIIKSISGGGFLNAMNA,4.364
GWLDVAKKIGKAAFNVAKNFI,5.4
FLPAVLRVAAKVVPTVFCLISKKC,4.3825
DFGCARGMIFVCMRRCARMYPGSTGYCQGFRCMCDTMIPIRRPPFIMG,5.29
GSKKPVPIIYCNRRTAKCQRM,5.19
GRFKRFRKKAKKLFKKLSPVIPLLHL,5.335
FPVTWRTKWWKG,4.81
FLPKLFAGIISKNF,5.22
YRGGYTGPIPRPPPIGRPPFRPVCNACYRLSVSDARNCCIKFGSCCHLVK,4.4
FLSMIPKIAGGIASLVKNL,4.19
INWKKIFEKVSNLV,4.9
ALWMTLLKKVLKAAAK,4.7
ALWKTIIKGAGKMIGSLAKNLLGSQAQPES,4.3
GKWMKLLKHILK,5.65
FFHHFARGIVHVGKTIHRLVTG,4.3
IPCGESCVWIPCISGMFGCSCKDKVCYS,5.08
NGKTWKKNRKACQVK,4.15
VRLRIRVAVIRK,5.693333333333333
GIGKFLHSAKKFGKAFVAEIMNS,4.8
RSPPQCQYTNCAAVLCPAVYCANAYTPPCGCCDICPPQKYGGGYRPR,4.0
GFGKALKLLKKVL,5.6
SSGWVCTLTIECGTVICAC,3.7
GIGGKILSGLKTALKGAAKELASTYLH,6.336666666666667
QGVRNFVTCRINRGFCVPIRCPGHRRQIGTCLGPRIKCCR,4.4
RQIKIWFQNRRMKWKK,4.49
QAFQTFKPDWNKIRYDAMKMQTSLGQMKKRFNL,4.1000000000000005
VDKPPYLPRPRPPRRIYNH,5.17
KWRRWVRWI,5.04
DFASCHTNGGICLPNRCPGHMIQIGICFRPRVKCCRSW,4.57
GLLSGILGAGKHIVCGLSGLR,5.66
INLKAIAALAKKLLG,5.465
GRFRRLGRKFKKLFKKYGP,5.4
GRFRRLRKKTRK,3.89
GLPALISWIKRKRQ,5.2
VINENLLR,2.6
DAEFRHDSGYEVRHQKLVFFAEDVGSNKGAIIGLMVGGVVIA,6.16
FLPLIASLAANFVPKIFCKITKKC,3.82
KWKLFKKIPKFLHLAKKF,5.753333333333334
GGHGLLKRIKTLL,5.4
RRWWRRWRRW,5.035
LPLSINPWRPPFPGRPLPGGPLVLPGCVCVRAPCYCSPSRQKDFPGFEHY,4.6
GVVDILKGAAKDIAGALASKVMNKL,4.0
GWLRDFGKRIERVGQHTRDATIQAIGVAQQAANVAATVRG,5.3
RSGGYCNGKRVCVCR,4.52
GKFHQIKKMFLSVGVKVTSLKRIQFGDF,4.7
FLPFIAGMAANFLPKIFCAISKKC,4.72
FLPIITNLLGKLL,3.85
AGCIKNGGRCNASAGPPYCCSSYCFQIAGQSYGVCKNR,4.12
KRWWWWRFR,5.54
GLWQKIKSAAGDLASGIVEAIKS,4.67
VDKPPYLPRPKPPRRIYNNR,5.19
RHRHRHRHRH,5.17
GLKEVAHSAKKFAKGFISGLTGS,4.19
LNWGAILKHIIK,5.266666666666667
GVVVRVGRVVVRWVRR,5.7
GFKRIVQAIKDFLRNLV,4.22
FVGGVASKVVPSVYCKVSKK,3.91
RWKKWWRWL,4.96
RGVRPVVQGVKEKVR,4.43
KWKLFKKIGAVLKVL,5.533333333333333
LLGSLLKLLPKLL,4.9
GILKKFMLHRGTKVYKMRTLSKRSH,5.835
KGIRGYKGGYCKGAFKQTCKCY,4.31
FLPAIVGAAGQFLPKIFCAISKKC,4.26
VKRFKKFFRKLKKSVKKL,4.71
KWKLKKHIGIGKHFLSAKKF,4.49
LKLKSIVSWAKKVL,4.73
CLRKLRKRLLC,4.77
WRWWKIWKR,5.55
FFFHIIKGLFHAGRMIHGLV,5.9
IKHQGLPQEE,2.6
KKAFAAAAAFAAWAAFAKKKK,4.996666666666667
GVFDIIKDAGRQLVAHAMGKIAEKV,3.52
FLGVVFKLVSKVFPAVFGKV,3.93
FQWQRNPRKVR,3.06
RRRLLLLLRRR,5.1
HVDKKVADKVLLLKQLRIMRLLTRL,5.4
FVLPLVMCKILRKC,4.22
LKLASIVSWAKKVL,4.3
GLLKRIKKLLKKIKKLL,4.9
NGNLLGGLLRPVLGVVKGLTGGLGKK,4.61
DEDLDE,4.87
KDEPQRRSARLSAKPAPPKPEPKPKKAPAKK,5.44
GILDTLKQFAKGVGKDLVKGAAQGVLSTVSCKLAKTC,4.75
GLLDTIKNMALNAAKSAGVSVLNTLSCKLSKTC,5.508
GFFALIPKIIS,4.0
SIITMTKEAKLPQSWKQIACRLYNTC,4.74
DKLIGSCVWGAVNYTSDCNGECLLRGYKGGYCSGFANVNCWCET,4.0
ALWDTLLKKVLKAAAKAALDAVLVGANA,4.73
RVVRQWPIGRVVRRVVRRVVR,6.72
GFGCPRDQYKCNSHCQSIGCRAGYCDAVTLWLRCTCTDCNGKK,4.4
FLPLLAGLCKITRKCAANFLPKIF,5.15
FRRFRKWFRRFLKLF,5.22
VLPLLETCSMTCWENNQTFGK,4.38
GKKYRRFRWKFKGKWFWFG,5.21
GWLKKIGKKIERVGQHTRDATIQGLGIAQQAANVAATAR,6.805
TLVGVVAKLVATKIGSSPRA,3.89
FLGFLFKVASK,4.1
FWGALAKGALKLIGVSLFSSFSKKD,3.52
RWCGYAYVRVRGVLVRYRRCW,5.5
CLLKKLLKKLLKKC,4.13
RWCVYARVRGRRYRRCW,5.5
VKTKCSVPAVVYILVKTFKS,3.94
GLPWILLRWLFFRG,3.7
WGRAFSAGVHRLANGGNG,4.15
GGHRAGLQFPVGRVHRLLRK,5.1
GPHSANHVRGLARVGNANPGLYLAKYAFIPVILAAKPLSPTPTKT,5.77
AALRGALRAVARVGKAILPHVAIANPYVRTPYVHNNP,6.1
WGRAFRRGVRRLARGGRR,4.53
NFLGTLINLAKKIM,3.82
PYSLKNGENWLLSEEIIRYP,3.98
RRWHRWWRR,4.84
FLPVLVKVFRYSKKTAAGCF,4.25
VNWKKILAKIIKVVK,5.85
FPVTWPTKWLKG,3.77
KILILIKRK,4.49
ILGKIWKGIKSLF,5.32
SVDGKEDLIWKLLSKAQEKFGKNKSR,4.93
YQWQRRMRKLGAPSIT,4.0
NPFKKLERVGQHIRDGIIKAGPAVEVIGQANSIARPAGK,6.3
EVEPSDTIENVKAKIQ,5.0
RRRYIGRYVRFWK,5.68
SVIGCWTKSIPPRPCFVK,3.31
RKWKIKWYW,6.15
IGKEFKRIVQRIKDFLRNL,5.1
SIRDKIKTIAIDLAKSAGTGVLKTLICKLDKSC,5.1875
FPVTWGWWKWWKG,4.460000000000001
VDKGSYLPRPTPYSPRPPIYNRN,7.0
IKLSKETKKNLKKVLKGAIKGAIAVAKMV,5.2
APKAMRLLRRLLRRLLR,5.12
LKKLLKWLLKLLK,3.91
GIGSILGVIAKGLPTLISWIKNR,4.7
KWCRCVCRRGICRCRCRG,5.92
KKAAAIAAAAAIAAWAAIAAAKKKK,4.645
GMASKAGAIAGKIAKVAWKAL,4.9
FPVTFRFFKFFKG,4.76
ILGPVLGLVSDTLDDVLGIL,3.74
FKARRWQWRMKKLGA,4.29
GLPALISLIKRKRQQ,4.03
SIITGTKEAKLGQLGKQIACRLGNTC,4.35
KLRRWVRWI,4.72
KWKIFRRWW,5.07
SKFPLAGIFSVPGVKRVVVI,3.92
ILPWKWPWLPKRR,4.55
GLFSKFAGKGIKNFLNKGVKHIGKE,5.873333333333333
RLGNFFRKAKKKIGRGLKKIGQKIKDFLGNLVPRTES,6.0
KLLLKLLLKLLK,4.93
GLLSGILGAGKHIVCGLTGCAKA,4.33
GIMDTIKGAAKDLAGQLLDKLKCKITKC,4.12
KLALKLALKAWKLALKAA,5.140000000000001
LVTLASHLPSDFTPAVHASLDKFLANVSTVLTSKYR,4.19
LVQRGRFGRFLRKIRRFRPKVTITIQGSARFG,5.88
KWKSFIKKLTSAAKKVVTTAKPLALIS,6.17
RSARAGLQFPVGRIHRHLK,5.52
FWGLKGLKKFSKKL,4.6
GLWSTIKNVGKEAAIAAGKAVLGSL,6.3
RPVRPVYIPQPRPPHPRL,5.85
KWKLFKKIGAVLKKL,6.0
RRPRPRPRPFFFF,4.1
AKRLKKLFKKIWNWK,5.4
RTHGLLKRIKTLL,5.1
KRIVQRIKDWLR,5.7
LKKLLKKLLKKL,5.11
GIHDILKYGKAS,4.3
KWKLFKKIFKRIVQRIKDFLRN,5.59
DTTPCGESCVWIPCVSSIVGCSCQNKVCYQN,4.0
VDKPPYLPRPTPPRRIYNNR,4.28
KKIGAIKKWGAIKKIGAI,4.18
FLPLAMALGKLL,3.8
GLFSILKGVGKIALKGLAKNMGKMGLDLVSCKISKEC,6.0
KWKKLLKKLLKLLKKLLKKLK,4.8
FVDLKKIANIINSIF,4.0
LLRRVARLLKRFAK,5.94
YLEQLLR,4.01
GWGSIFKHIFKAGKFIHGAIQAHNDG,5.4
TRSSRAGLQFPVGRVHR,3.88
ILPILSLIGGLLGK,4.0
EFELDRICGYGTARCRKKCRSQEYRIGRCPNTYACCLRKWDESLLNRTKP,4.78
IKKIVSKIKKVLK,5.2
DLRGACAAAHAL,4.0
SAVWRHWRRFWLRKHRKH,5.2
TPFKISIHL,4.886666666666667
FLGVVFKKASKVFPAVFGKV,3.93
LKKLLKKLLKW,5.55
PRPPRLPRPRPRPLPFPRPG,4.74
VRVKVRVKVRVK,4.97
RWWKIWVIRWWR,5.6850000000000005
LRDLVCYCRTRGCKRRERMNGTCRKGHLMYTLCCR,4.52
AAHCLAIGRK,5.12
SIKILKIYFIQGKRHWSF,4.25
GVLSAFKNALPGIMKIIV,4.47
VLSAADKGNVKAAWGKVGGHAAEYGAEAL,4.27
GLMSVLKGVLKTAGKHIFKNVGGSLLDQAKCKISGQC,5.369999999999999
FLPIIAGVAAKVLPKLFCAITKKC,5.0
LVKRFKKFFRKLKKSVKK,4.71
WWRLRRIW,4.6
KKVVFKVKFKK,5.1
KIGAKIKWGAKIKIGAKI,5.38
AKAWGIPPHVIPQIVPVRIRPLCGNV,4.9
ALFKVASKVLPSV,3.83
KNWKKIASIGKEVLKAL,4.9
IKWAGKLFKLFK,5.87
RNFFKRIRRAGKRIRKAIISAAPAVETLAQAQKIIKGGD,5.9
PKLLKTFLKWIG,4.6
LRKLRKRLVRLASHLRKLRKRLL,5.69
LKWLLKWLK,5.39
WQRRMRKLGAPSIT,4.23
KVGKGSYPCSFVKVVAKVSV,3.91
HVINLEESFQEPEYENHLA,6.25
GLVKKIGKKIERVGQHTRDASIQAIGIAQQAANVAATARG,5.47
RKLILKRKRILIKR,4.8
SFLSTFKELAINAAKNAGQSLLHTLSCKLDKTC,5.303999999999999
LLAAHLLAIGRR,4.5
GMASKAGAIAGKIAKVALKAL,4.986666666666666
RLGDILQKAREKIEGGLKKLVQKIKDFFGKFAPRTES,4.8933333333333335
RGGRLCYCRRRFCVCT,6.44
KRFKKFFKKVKKSVKKRLKKIFKKPMVIGVTIPF,6.41
GLPICGETCFKTKCYTKGCSCSYPVCKRN,5.6
GLFSVVTGVLKAVGKNVAKNVGGSLLEQLKCKISGGC,4.734
FGPVIGLLSGILKSLL,3.7
GLPALISWIKRKRGG,4.32
KHVGKAALTHYL,5.4
HKVVFKVKFH,4.82
GIGDPVTCLKSGAICHPVFCPRRYKQIGTCGLPGTKCCKKP,5.08
IKIPAFVKDTLKKVAKGVISAVAGALTQ,4.7
FQWQRNMRKVRGPPVS,3.3
PRCRRRFCRP,4.8
RVCMAIPLPLCH,4.595000000000001
KWKLFKKIGPGKFLHSAKKF,5.515
GFGSVLGKALKFGANLL,4.3
KALKKLLAKWLAAAKALL,5.21
GWLKKIGKKIERVGQHTRDATIQGLGIAQQAANVAATARG,5.83
FDIMGLIKKVAGAL,4.52
FLYIVAKLLSGLL,3.29
RKWWRWIKW,5.9
FFHHVFRGIVHVGKTIHRLVTG,4.7
GRRKRKWLRRIGKGVKIIGGAALDHL,5.764
RIVQRIKKWLLKWKKLGY,4.75
GLKALKKVFKGIHKAIKLINKHVQ,5.3
VRRFGWWWGFLRR,4.76
RLCRIVPVIRVCR,4.845000000000001
GIWKSLFTKLLKG,5.47
KAYSMPRCKGGFRAVMCWL,5.14
GGHKLAKLAKKLAKLAK,7.22
ILPIIGKILSTIFGK,4.3
KFGKIVGKVLKQLKKVSAVAKVAMKKG,5.12
GLGGAKKNFIIAANKTAPQSVKKTFSCKLYNG,5.6
VVGRVASKVVPSLIGLFTTK,3.91
GMWSKIPGHLIR,4.6
KWKSFLRTFKSPVRTVFHTALKPISS,6.035
GVVKRIKTVV,3.7
FLPIVTNLLSGLL,3.64
GPRSANHKRGLARVGNANPGKYLAKYSFRPVILSSKPLSPTPTKT,4.58
WLGSALKIGAKLLPSVVGLFKKKKQ,5.22
KWKLFKKIFKCWRWQWRWKKLGA,5.5
GIFSKLAGKKIKNLLISGLKNVGKEVGMDVVRTGIDIAGCKIKGEC,6.033333333333333
RKWIWRWFL,6.1
KKAAARAAAAARAAWAARAAAKKKK,4.34
FVQWFSKFLGKIL,4.77
GWKKWFNRAKKVGKTVGGLAVDHYL,5.753333333333333
VFQFLGKIIHHVGNFVHGFSAVF,4.49
GCASRCKAKCAGRRCKGWASASFRGRCYCKCFRC,5.3
GLRKRLRKFRNKIKEKLKKIGQKIQGFVPKLAPRTDY,5.94
ILPWKWPWLPWKK,4.55
KLLKKLLKLWKKLLKKLK,4.35
FLALILRKIVTAL,4.39
GIGKFLHSAKKPGKAFVGEIMNS,4.58
GLPASISWIKRKRQQ,3.85
IKKILSKIKKLLK,5.5
ILPLKLPWLPLRR,4.91
GVVDILKGAAKDIAGHLAAKVMNKL,4.6
GDVPPGIRNTICRMQQGICRLFFCHSGTGQQHRQRCG,5.19
GLLKWIKKLL,5.49
YCNGKRVCVCR,4.94
ALGALFKVASKVL,4.42
RKFRWWVIR,4.57
PQPRPPHPRL,4.19
AIHKLAHKLLKKTLRAVKKLAN,5.27
PEEMNKYLTALRHYINLVTRQRY,5.49
KPYLKRFQVYYKGRMWC,4.6
GSKKPVPIIYCNRRKCQRM,5.52
VRRFAWWWAFLRR,5.27
FLGVVVKLASKVFPAVFGKV,3.92
GIGKFLHSAKKFGKAFVGEIMNSGGC,4.9
RRRRRFRRVIRRIRLPKYLTINTE,5.4
GLNALKKVFQPIHKAIKKINNHVQ,5.2
IIPLPLGYFAKKP,4.16
RRWCFRVCYKGFCRYKCR,6.786666666666667
FLPVLAGLTPSIVPKLVCLLTKKC,3.85
GILDSFKGVAKGVAKDLAGKLLDKLKCKITGC,5.08
GLPALISSIKRKRQQ,3.74
KRRHWFPLSFQEFLEQLRRFRDQLPFP,5.41
VARGWGNGCGLFGKGG,4.0
GIGKFLHSAKKWGKAFVGEIMNS,4.955
ISGPVLGLVGNALGGLIKKI,4.28
WLNALLHHGLNC,4.34
KGFKKIEKLGRHIRDGVVKAGPAVGVVGQASSIMG,6.7
RIKRFWPVVIRTVVAGYNLYRAIK,6.1
QKKIRVRLSA,5.28
ENFFKEKERKGQRIRDAIISRRPRVETLAQAQKIIKGGD,4.7
GLWDSIKNFGKTIALNVMDKIKCKIGGGCPP,4.827500000000001
DHYLCVKNEGICLYSSCPSYTKIEGTCYGGKAKCCK,5.52
RQKDKRPYSERKNQYTGPQFLYPPERIPP,5.65
RRWPLLPWKWPLI,4.85
IKLSPKTKKNLKKVLKGAIKGAIAVAKMV,5.51
GLFGKILGVGKKVLCGLSGMC,5.52
GFGSLLGKALKIGTNLL,4.6
PRPPHPPRPPHPPRPPHPRL,6.3
WHWTWLPRRRK,4.2
GMASKAGTIAGKIAKTAIKLAL,4.92
KRKRKILILIKRK,5.1
RRFWHRAH,4.0
WWWLRRRW,5.21
RRIRPRPR,3.89
ILAWKWAWWPWRR,4.82
WFKKIPKFLHLAKKF,4.9
GIHDIAKYGKPS,4.3
DDALKHLLKHLLKHL,4.15
GLFKGKKKNKKTK,3.6
VWRKWRRFWKR,5.5
GSKKPVPIIYCQRRTGKCQRM,5.79
KRKILILI,4.19
GYGCPFNQYQCHSHCSGIRGYKGGYCKGTFKQTCKCY,4.92
GLGSFLKNAIKIAGKVGSTIGKVADAIGNKE,5.3
GMASKAGSVLGKVAKVALKAAL,4.866666666666666
AWKKTIRQYLKNKIKKKGRKAVIAW,5.1
RWCVYAYVRVRGVLGRYRRCW,5.5
GRRPRPRPRPFFFFF,4.7
FLGKVFKKVSKVFPAVFGKV,4.84
FLSLIPHIVSGVASLAKHF,4.56
IIGHLIKTALGFLGL,4.0
GRLRNLIEKAGQNIRGKIQGIGRRIKDILKNLQPRPQV,4.34
KPFKKLEKVGRNIRDGIIKAGPAVAVIGQATSIARPTGK,7.0
VVFKLASKVVPSVYCTITKK,3.94
ALLLAIRKR,5.293333333333334
GLWNTIKEAGKKFAINVLDKIRCGIAGGCKT,3.82
GLMSLFRGGVLKTAGKHIFKNVGGSLLDQAKCKITGEC,5.22
GLFDIVKKVVGAL,4.63
DDALHHLLHHLLHHL,4.0
FLGALWKVASK,3.79
GVVDILKGAAKDIAGHLASAVMNKL,4.0
RSCVYAYVRVRGVLVRYRRCW,4.6
FIPLVSGLFSRLL,5.223333333333334
GWGSIFKHGRHAAKHIGHAAVNHYL,5.826666666666666
AKKVFKRLEKLFSKIQN,4.9
FIGAIARLLSKIF,5.07
ASITHVKNRGKYIYMHLKFRKTNVLI,5.29
FLGVVFKSASKVFPAVFGKV,3.92
SKVGRHLRRFGHRAHRKL,4.0
KNIGNSVSCLRNKGVCMPGKCAPKMKQIGTCGMPQVKCCKRK,4.73
GFLDSFKNAMIGVAKSVGKTALSTLACKIDKSC,4.74
GIMDTLKNLAKTAGKGALQSLLNKASCKLSGQC,6.3
IKWKKLLRAAKRIL,5.52
RVKRFKKFFRKIKKGFRKIFKKTKIFIG,6.25
LYRRRFVVGR,4.3
SFLTTFKDLAIKAAKSAGQSVLSTLSCKLSNTC,4.964
GIPCGESCVFIPCITAAIGCSCKSKVCYRN,5.98
KWKSFIKKLTKKFLHSAKKF,6.7
GILSSFKGVAKGVAKNLAGKLLDELKCKITGC,5.3
KKLFKKGLKFL,4.03
FLPLLAGLAANFLPTIICKIARKC,4.43
AMWKDVLKKIGTVALHAGKAALGAVADTISQ,5.653333333333333
GIRDVLKGAAKAFVKTVAGHIAN,5.4
KFFKRLLKSVRRAVKKFRKKPRLIGLSTLL,5.89
FQNRRMKWKK,3.59
GRKSDCFRKSGFCAFLKCPSLTLISGKCSRFYLCCKRIR,6.22
IRIRCRRRFCRIRI,6.0
GLFLDTLKGLAGKLLQGLKCIKAGCKP,5.788
KRIRKRIKKWKR,5.7
AKKVFKRLEKLFSKIYNYK,5.63
FLGALFKVVSKLL,4.55
GLPRKILCAIAKKKGKCKGPLKLVCKC,4.525
AAAKAALNAVLVGANA,4.1
AIHDILKYGKPS,4.3
GLLKRIKALL,4.85
FFHHIFRGIVHVGRTIHKLVTGG,5.1
MTPLWRVMGNKPFGAYCQDHVECSTGICKGGHCIYSQPIKS,4.96
AAGMGFFGAR,4.895
GIFSKISGKAIKNLFIKGAKNVGKRVGMDVVRTGMDVVGCKIKGEC,5.605
FLWALFKVASK,4.12
KAKRRARNLNQKKRK,4.17
ATAWDFGPHGLLPIRPIRIRPLCGKDKS,5.609999999999999
GCWSTVLGGLKKFAKGGLEAIVNPK,5.1
KAACAAHCLWR,3.79
AVDLAKIANKVLSSLF,4.426666666666667
KRKILILIGSG,4.19
RRPRPRPRPFFFFF,5.0
GFMDTAKNVAKNEAGNLLDNLKCKITKAC,5.378
RVKRVWPLVIRTVIAGYNLYRAIKKK,6.0
GLFLDTLKKFAKAGMEAVINPK,4.1
RLYLRIGRR,4.38
QGVRNHVTCRINRGFCVPIRCPGRTRQIGTCFGPRIKCCRSW,4.94
KNWKGIAGMAKKLLGKNWKLM,5.386
NLKAIAALAKKLL,4.928
ISRLAGLLRKGGEKIGEKLKKIGQKIKNFFQKLVPQPE,5.715714285714285
KIFGAIWPLALGALKNLIK,5.4
GKWMSKLKHILK,4.35
GLFGKLIKKFGRKAISYAVKKARGKH,6.25
VWRHW,4.0
IISTIGKLVKWIIKTVNKFTKK,5.57
KKAAAKAAAAAKAAWAAKAAAKKKK,4.19
RVCSWIPLPICH,3.3
GIGKFLHSAKKFGKAFVGEAMNS,3.89
PCRGRSCGPRLRGGYTLIGRPVKNQNRPKYMWV,4.28
GPDSCNHDRGLCRVGNCNPGEYLAKYCFEPVILCCKPLSPTPTKT,5.029999999999999
WWKWWKRLRRLFLLV,5.14
IKLSPETKDNLKKVLKGAIKGAIAVAKMV,4.65
GNNRPVYIAQPRPPHPAL,4.2
QGSPARCRFCCRCCPRMRGCGICCRF,4.92
GLLKRIKNLL,4.72
MTPFWRGVSLRPIGASCRDDSECITRLCRKRRCSLSVAQE,3.7
GIGKFLHSAGKFGKAFVGEIMKS,6.102
KKKKGIGKFLHSAKKFGKAFVGEIMNS,4.47
GLAANFLPKIFCKITRKC,4.91
VDRGWGNGCGLFGKGG,4.0
ILPWKWPWWAWRR,4.82
RHRHRHRH,5.08
KGRGKQGGKVRAKAKTRSS,5.19
KKTWWKTWWTKWSQPKK,5.7
SGRGKQGGKVRAKAKTRSSRAGLQFPVGRVHRLLRKGNY,5.73
FLFSLIPHAIGGLISAFK,3.82
RRWWRRWRR,4.6
GKKYRRFRWKFRKGRFWFWG,5.24
AKKVFKRLEKLFSKI,5.2
IDWKKVDWKKVSKKTCKVMLKACKFLG,7.6
RRIIIRWRRI,5.34
GFMKYIGPLIPHAVKAISDLI,5.006666666666667
SVMGTVKDLLIGAGKSAAQSVLKSLSCKLSNDC,5.716
ATCDLLSGIGVQHSACALHCVFRGNRGGYCTGKGICVCRN,5.3100000000000005
AHCLAIGRR,4.855
STLALVLRLRGG,5.0
GLFEVIKKVASVIGGL,4.21
GTRCGETCFVLPCWSAKFGCYCQKGFCYRN,5.486666666666666
LLSLALAALPKLFCLIFKKC,4.6
RFRRLRPKTRPRLKKI,4.19
GWKKWFTKGERLSQRHFA,4.51375
FIGGIISFIKKLF,4.609999999999999
KLLLKLKLKLLK,4.3
AKRLKKLAKKIWNWK,4.49
QRGGFTGPIPRPPPHGRPPLGPICNACYRLSFSDVRICCNFLGKCCHLVK,4.4
GVVDILKGAAKDIAAHLASKVMNKL,4.9
GIFSLIKTAAKFVGKNLLKQAGKAGLEHLACKANNQC,4.6
GIGKFIHAAKKFGKLFIGEIMNS,5.62
GNNRPVYIAQPRPPHPRL,4.22
SMLSVLKNLGKVGLGFVACKIKKQC,5.0
RTKKWIVWI,4.86
GVAKFGKAAAHFGKGWIKEMLNS,4.12
FFPIVAGVAGQVLKKIYCTISKKC,4.85
GLFSVLGSVAKHLLPHVAPIIAEKL,4.42
GGVCPKILKKCRRDSDCPGACICRGNGYCGSGSD,3.8
KWKLFKKLKVLTTGL,5.7
RRIPFWPPNWPGPWLPPWSPPDFRIPRILRKR,5.15
STAHLVLRLRGG,4.0
RRRRRRWFWFWF,5.3100000000000005
SMWSGMWRRKLKKLRNALKKKLKGE,6.12
LRWTPTPSYPRYPTRSRGSRWSR,5.025
SGRGKTGGKARAKAKTRSSRAGLQFPVGRVHRLLR,6.52
GLLLDTLKGAAKDIAGIALEKLKCKITGCKP,4.72
ILGPVISTIGGVLGGLLKNL,5.3933333333333335
KKVADKVLLLKQLRIMRL,4.8
FLTGLIGGLMKALGK,4.43
GLFSKFAGKGIKNLIFKGVKHIGKEVGMDVIRTGIDVAGCKIKGEC,5.22
GAHDILKYGKPS,4.3
GAKYAKYIYNFYKYIAKYIW,4.6
FLSFPTTKTYFPHFDLSHGSAQVKGHGAKVAAAL,6.0
GIGTKFLGGVKTALKGALKELAFTYVN,4.96
KKKKKKKKKKKKKKKKKKKKGIGKFLHSAKKFGKAFVGEIMNS,5.6
RLPWRWPRRPWRR,3.88
KKAAAWAAAAAWAAWAAWAAAKKKK,4.949999999999999
EGVRNFVTCRINRGFCVPIRCPGHRRQIGTCLGPRIKCCR,4.59
WFKKIPKFLHLLKKF,5.51
LNLKGLFKKVASLLT,4.52
GVVAILKGAAKDIAGHLASKVMNKL,4.3
AANCLSLGKA,4.52
FFHHIFRPIVHVPKTIHRLVTG,4.8
FHFHLHFSATFIKHFIHRF,4.3
FLGWLFKVASK,4.71
AGFRKRFNKLVKKVKHTIKETANVSKDVAIVAGSGVAVGAAMG,5.21
FLGALFKKASK,3.78
CWTVSIPPRPC,3.1
KKLGEPSCNKLK,4.65
VFLGNIVSMGKKI,3.85
GIGDILKNLAKAAGKAALHAVGESL,4.72
GLRKRLRKFRNKIKQKLKKI,5.52
FLFSLIPSAIAGLVSAIRN,3.59
GSKKPVPIIYCNRRTGKCQR,4.7
GIGGALLSAGKSALKGLAKGLAEHF,4.6
KLLKQWPIGKLLKKLLKKLLK,6.7
GCKKYRRFRWKFKGKFWFWGG,4.34
DIGKYCGYAHALN,4.0
RIKRFWPVVIRTVVAGYNL,4.935
ADRGWIKTLTKDCPNVISSICAGTIITACKNCA,5.02
KLWKLFKKIGIGAVLKVLTTGLPALKLTLK,6.22
AKKFFKKPRVIGVSIPF,5.755000000000001
ILGKLLKTAAGLLSNL,4.19
GFASFLGKALKAALKIGANMLGGTPQQ,4.62
IFKAIWSGIKSLF,4.82
HTGRSGPATGHSGHSSTHGS,3.87
GFLDVVKHIGKAALGAVTHLINQ,4.88
SAVLRHLRRFLLRKHRKH,4.0
IGKKFKRIVQRIKKFLRKL,5.1
KLKLLLLL,4.69
LCAAHCLAILRR,4.82
GLMSVTKGVLKTAGKHIFKNVGGSLLDQAKCKISGQC,5.52
GLLKRI,4.26
GFGCPFNQGACHRHCRSIGRRGGYCAGLFKQTCTCYSR,5.0
GMWSKILKHLIR,5.7
RRIRPRPPRLPRPRPRP,6.05
KWLKKLLKKLL,5.85
ILGKIWEGIKSLF,5.208571428571429
FHFHLHFPSPSPFIKHFIHRF,4.63
IFGAIWKGISSLL,4.293333333333334
KILRGVSKRILTGKK,4.175
SALVGCWTKSWPPKPCFGR,4.63
KNNFCQVLYVWLLRLGKQCFVKFSKDVET,4.54
GIMDSVKNAAKNLAGQLLDTIKCKITAC,4.6
IWRIFR,3.89
FLGKVFKGASKVFGAVFGKV,4.81
FKRLEKLFKKIWNWK,5.2
GKIPVKAIKKGGQIIGKALRGINIASTAHDIISQFKPKKKKNH,4.0
RWCVYAYVRSRGVLVRYRRCW,5.5
VWRHWRRFWHR,5.2
KWLNALLKKGLNCAKGVLA,5.465
SLSRYAKLANRLA,4.39
AGRGKQGGKVRAKAKTRSSRAGLQFPVGRVHRLLRKGNY,5.87
GMWSKILPHLIR,4.7
FLGGLIKWKWPWWPWRR,5.47
AKAGGIGGHVIGQIVGVRIRGLGGNV,4.69
FLGGLIKIVPAMICAVTKKCHHHHHH,5.06
RRARIVVIRVAR,5.539999999999999
GLRKRLRKFRNKIKEKLKKIG,6.82
LLKWLLK,3.96
CKQSCSFGPFTFVCDGNTK,3.7
GLLDTFKNMAINAAHGAGVSVLNALSCKLKKTC,5.678
RRLLRRLRR,4.0
ECRRLCYKQRCVTYCRGR,4.83
FLSLIPHIVSGVASIAKHF,4.0875
RFRRLRKKIRKRLKKI,3.89
GMASKAGAIAGKIAKVAWKALGGA,4.6
WGIRDILKYGKPS,4.82
GPIRRPKPRPRQRPE,4.1
RRWWKWWWR,5.57
KPKGMTSSQWFKIQHMQPSPQASNSAMKNINKHTKRSKDLNTFLH,5.92
LLKKLLKKC,3.34
RLNRPVYIPQPRPPHPRL,5.45
FLPAIAGILSQLF,4.3
GVVVRVARVVVRWVRR,5.4
GLVTSLIKGAGKLLGGLFGSVTGGQS,5.573333333333333
ACQFWSCNSSCISRGYRQGYCWGIQYKYCQCQ,4.88
GWASKIGQALGKVAKVGLQQFIQPK,4.906666666666667
APKVNVNALRKGGRVIRKGLGVIGAAGTAHEVYNHVRNRNQG,5.08
GIWKTIKSMGKVFAGAILQNL,4.9
GVIDAAKKVVNVLKNLF,4.26
KAKAKAVSRSARAGLQFPVGRIHRHLK,5.82
AIGHCLGATL,5.14
RRPWRWPWWPWRR,4.81
GLPVCGETCFGGTCNTPGCTCDPWPVCTRN,4.3
RFGRFLRKIRRFRPKVTITIQGSARF,5.79
KLILKRKRKRILIK,4.49
RWWVAWRNR,4.33
PKVVGLSIVVVKAKVSSALG,3.88
HFLGTLVNLAKKIK,3.89
ALLKRIKTLL,4.75
KRKILILIK,4.49
FLPIIASVAANVFSKIFCAISKKC,4.11
GWFKKAWRKVKHAGRRVLDTAKGVGRHYLNNWLNRYRG,5.76
GVVDILAGAAKDIAGHLASKVMNKL,4.0
RIGSILGALAKGLPTLKSWIKNR,4.6
LHRIALRKK,4.25
FLNALKNFAKTAGKRLKSLLN,5.2
FIGPVLKIAAGILPTAICKIFKKC,5.172499999999999
FYTHVFRLKKWMQKVIDRFGG,5.1
RRRPRPPYLPRPRPPPFFPPRLPPRIPPGFPPRFPPRFP,5.825
KWKKFIKKIGIGAVLKVLTTGLPALKLTKK,6.109999999999999
QVFTLIKGATQLIRKTLGEQ,5.833333333333333
ALWKTLLKKV,4.3966666666666665
AVPDVAFNAYG,4.33
GIGSALAKAAKLVAGIV,4.3
GRIKRIRKKIKKLIKKLS,5.4
FFGWLIKGAIHAPKAIHGLIHRRRH,5.455
ILSAIWSGIKSLF,4.8
KRFHSVGSLIQRLQQMIRDLSEATRHGIRKITRPKLLLAS,6.01
GIINTLQKYYARVRGGRYAVLSVLPKEEQIGKVSTRGRKKVRRKK,5.62
KLLGPLLKIAAKVGSNLL,4.6
GVVDILKGAAKDIAGHLLSKVMNKL,4.9
GIGSAILSAGKSALKGLAKGLAEHFAN,6.0
KLLKRIKTLL,4.71
KKRWVWIRY,4.994999999999999
FLPAIGRVLSGIL,4.4
RWKRWWRLL,4.94
PRPPRLPRPRPRPLPFPRPGPRPIPRPLPFP,4.645
GVVGKLASKVVPSVFGSFTK,3.89
FFGHLFRGIINVGKHIHGLLSG,5.3
GVSKILHSAGKFGKAFLGEIMKS,4.0
FKCRRWQWRMKKLAA,4.92
KQIKIWFQNKKMKWKK,4.19
SFHVFPPWMCKSLKKC,4.15
LLQWLSKLLGRWL,4.32
KRRWPWWPWRLI,5.5
MAGGKAGKDSGKAKAKAVSRSARAGLQFPVGRIHRHLK,5.82
KKWWKFIKKAVNSGTTGLQTLAS,5.455
VRRFPWWWPFLRR,4.8533333333333335
ILPLKLPLLPWRR,4.91
GLNALKKVFQGIHKAIKLINNHVQ,4.7
FLPAIAGVAAKFLPKIFCAISKKC,5.15
RRGKPSGGSRGSKMGSKDSKGGWRGRPGSGSRPGFG,5.0
KWKKLLKKLLKLL,5.1
EWFKARRWQWRMKKLGA,5.22
ATCDLLSGTGINHSACAAHCLLRGNRGGYCNGKGVCVCRN,4.906666666666666
GEYCGESCYLIPCFTPGCYCVSRQCVNKN,4.1
GNNRPVYIPQPRPPHPRL,7.32
AWRWKAFRNCWRVRSSSL,4.26
MITISTMLQFGLFLIALIGLVIKLIELSNKK,4.6
FLPAVIRVAANVLPTVFCAISKKC,4.375
GVVVRWGRVVVRGVRR,5.1
FFGPLIKIATGVLPNLICKALGKC,4.98
FLGGLIKWWPWRR,5.34
AVVDILKGAAKDIAGHLASKVMNKL,4.0
GWLKKFGKKIERVGQHTRDATIQAIGVAQQAANVAATLKG,5.66
GLFDIVKKVVGALGSL,4.305
LCAAHCLAIGRR,4.5
GVVDILKGAAKDIAGHLASKVMNAL,4.0
NKKAGLFVVQFPKKY,4.19
GVFDIIKGAGKQLIAHAMGKIAEKV,4.105
GLMDTVKNAAKNLAGQLLDTIKCKMTGC,4.52
FFPIVGKLLFGLSGLL,6.14
FLQHIIGALTHIF,4.183333333333334
FFGWLIKPAIHAGKAIHGLIHRRRH,5.4350000000000005
GIWDTIKSMGKVFAGLILQNL,4.0
WSCPTLSGVCRKVCLPTEMFFGPLGCGKEFQCCVSHFF,5.3
FLGVVFKLASKVFKAVFGKV,4.23
WGRRWRIRIPRLPRPWPPRPKWPRSATINTDQ,5.4
AFGMALKLLKKVL,5.33
GSGILILIKRK,4.19
GLVRKGGEKFGEKLRKIGQKIKEFFQKLALEIEQ,6.46
STIGKLVKWIIKTVNKFTKK,5.62
LCYCRRRFCVC,6.37
LDVKKIICVACKIRPNPACKKICPK,4.65
GFMKYIGPLIPHAVKAIKKLI,5.2
AINPKSVQSLL,3.7
QKKIRVRASA,4.26
SKCYQWQRRMRKLGA,3.6
KKFFLKVLTKIRCKVAGGCRT,5.48
SMLSVLKNLGKVGLGLVACKINKQC,5.796
KWKKLLKKPLLKK,4.9
KWKSFIKKLPSAAKKVTTAAKPLTK,6.0
GIPCGESCVFIPCTVTALLGCSCKDKVCYKN,4.6
KLAGKLAKWAGKLAKLAGKLA,5.43
GLRSKIWLWVLLMIWQESNKFKKM,5.51
GLFTLIKGAYKNDAPTVACN,4.922
KKLAKALKLPALLWLKLAKALKKA,5.94
GRAKRFRKKAKKLFKKLSPVIPLLHL,5.34
FFHHIKRGIVHVGKTIHRLVTG,5.22
FGVLAKVAAHVVPAIAEHF,4.245
KLRKLFRKLLKLIRKLLR,5.315
FALGAVTKLLPSLLCMITRKC,5.52
ESLAKALSKEALKALK,6.0
SLFGTFAKMALKGASKLIPHLLPSRQQ,5.535
VLNEALLR,2.6
GVVKVSRLKGESLRARL,5.27
GLFNVFKKVGKNVLKNVAGSLMDNLKCKVSGEC,5.52
WKWKWK,3.59
FLGKVFKKAVKVFPAVFGKV,4.84
SLSRYAKLANRLANPKLLETFLSKWIG,5.49
KLSPSLGPVSKGKLLAGQR,4.48
RVVRQWPIGRVVRRVVRRVVRF,5.84
GIFSKINKKKAKTGLFNIIKTVGKEAGMDVIRAGIDTISCKIKGEC,5.7
AGYLLGKINLKALAALAKKIL,5.13
LSPAAMASLA,3.7
FLPLLLAGLPLKLCFLFKKC,4.36
VRVKVRVK,3.59
HCLAIGRR,4.645
GIGALSAKGALKGLAKGLAEHFAN,5.52
ASHLPSDFTPAVHASLDKFLANVSTVLTSKYR,4.14
GWKKWLRKGAKHLGQAAIK,5.995
LAFVAGVAAEMMQHVYCAASKKC,5.453333333333333
ENAEEDIVLMENLFCSYIVGSADSFWT,4.19
GLMDTVKNAAKNLAGQMLDKLKCKITGSC,4.3
TKCFQWQWNMRKVRG,4.13
LILKRKRKRKRILI,4.19
WLKKW,3.98
VDKPPYLPRPRPPRRIYNNR,5.5
LQKYYWRVRGGRWAVLSWLPKEEQIGKWSTRGRKWWRRKK,5.31
LPVNEAQCRQVGGYCGLRICNFPSRFLGLCTRNHPCCSRVWV,5.625
FLPIIGKLLSG,5.224
KLRRLIRLL,4.98
AAHCIVLHHN,4.52
INLLKIAKGIIKSL,4.68
GMASKLAKVLPHVVKLIK,5.54
GLNALKKFFQGIHEAIKLINNHVQ,4.7
FLGVVFKGASKVFPAVVGKV,3.9
AWKEKIRKKLKNEIKKKWRKAVIAW,5.7
KRIVKLIKKWLR,5.7
GLFGVLGSIAKHVLPHVVPVIAEK,3.7
EWKLPDLIINHITLTRRNCFKYRCG,4.79
SMISVLKNLGKVGLGFVACKVNKQC,5.445
RGLRRLGRKIAHGVKKYGPTVLRIIRIAG,6.92
GLFDKLKSLVSDF,3.6
KRKLILIKRK,4.19
FMGTALKIAANVLPAAFCKIFKKC,3.7
KKVVFKFKFK,5.62
RWKVFKKIEKVGRNVRDGIIKAGPAIGVLGQAKALG,6.44
INWKKIASIGKEV,4.0
RRCPIVVIRVCR,5.87
GRRPRPRPRP,3.8
SGKLYYRRKK,4.0
GIFGKILGVGKKVLCGLSGVC,4.98
LKLLKKLLKKLKKLL,5.15
KVVKQWPIGKVVKKVVKKVVK,6.08
IRIKIRIK,4.82
GMASLLAKVLPKVVKLIK,5.74
RPPQFTRAQWFAIQHISLNPPRSTIAMRAINNYRWRSKNQNTFL,6.4
FLKGIKGMLGKLF,5.22
ACNFQSCWATCQAQHSIYFRRAFCDRSQCKCVFVRG,3.7
FLPVILPVIGKLLNGIL,4.91
KKPKKPWKPKK,5.0
FIGLLISAGKAIHDLIRRRH,6.6
LLIILRRRIRKQAHAHSK,4.9
MMRVMRRKTKVIWEKKDFIGLYSID,6.01
KKKKKKKKKKGIGKLFLHAAKKFAKAFVAEKMNS,6.1
SLKDKVKSMGEKLKQYIQTWKAKF,5.366666666666667
AIRCLAQRRK,4.82
KKCRNKKMEVSR,4.58
GILDPIKAFAKAAG,4.79
GFLGILFHGVHHGRKKALHMNSERRS,4.601428571428571
GALFGLASKVFPAVFGAFKK,3.9
EMLKKKKEVKMERKT,3.98
FLGGLIKPVPAMICAVRKKC,3.93
PPPVIKFNRPFLMWIVERDTRSILFMGKIVNPKAP,4.22
KWFKIQLQIKKWKNKK,4.49
DVIKKVASVIGGL,3.1
FRRPFKWPRRFFKFF,5.285
KLGFENFLVKALKTVMHVPTSPLL,4.8
KKPWWKPWWPKWKK,5.7
GIHKILKYGKPS,5.3
GALKRIKTLL,4.41
KWCRCVCRRGICYCRCRG,5.7
FFHHIFRGVVHVGKTIHRLVTG,4.7
KKAAAAAAAAAAAAWAAAAAAKKKK,4.19
LRKFRNKIKEKLKKIGQKIQG,6.7
RWCVYGYVRVRGVLVRYRRCW,5.81
RIGSILGRLAKGLPTLRSWIKNR,4.9
GILKTIKSIASKLKRKAK,5.205
RFRPPIRRPPIRPPFRPPFRPPVRPPIRPPFRPPFRPPIGPFP,5.24
SKVGRHLRRFLHRAHRKL,4.0
VGKVLKQLKKVSAVAKVAMKKGAALLK,4.3
GLFAVIKKVAAVIKKL,4.23
MGGLKKLGKKLEGAGKRVFNAAEKALPIAQQAANVAATARG,6.71
GIFSTVFKAGKGIVCGLTGLC,4.6
GVGDLIRKAVSVIKNIV,4.25
PLPFPRPGPRPIPRP,3.3
QFPVGRVHRLLRK,4.7
GLFAVIKKVASVIGG,3.45
VDKPPYLPRPRPPRAIYNR,4.86
GIFSKLGRKKIKNLLISGLKNVGKEVGMDVVRTGIDIAGCKIKGEC,6.7
GLKEIFKAGLGSLVKGIAAHVAN,4.6
GIFSLIKGAAKVVAKGLGKEVGKFGLDLMACKVTNQC,6.05
VTCDVLSFEAKGIAVNHSACALHAIALRKKGGSCQNGVCVARN,4.0
VWPLGLVICKALKIC,5.0425
LLSNVAGLLKQFAK,5.27
KRIVQRIKDFLR,5.050000000000001
AIHKLAHKLTKKTLRAVKKLAN,4.94
GFMKYIKPLIPHAVKAIKKLI,5.2
FLPIVAKLLSGLLGRKKRRQRRR,5.7
GLNTLKKVFQGLHEAIKLINNHVQ,4.916666666666667
GYGGHGGHGGHGGHGGHGGHGHGGGGHG,5.98
KKAKRRLLKK,4.0
FLGKVFKGVSKVFPAVFGKV,4.23
WKKIPKFLHLAKKF,4.9
GVIPCGESCVFIPCISTLLGCSCKNKVCYRN,4.54
ALHKTMLKKLGTMAL,4.35
GFLDIVKGVGKVALGAVSKLF,4.82
FPTTKTYFPH,5.05
FPFLKLSLKIPKSAIKSAIKRL,5.1
FLPKLFAKITKKNMAHIR,5.865
PPRLPRPRPRPLPFPRPG,4.4
SRWPSPGRPRPFPGRPKPIF,4.3
GKWMSLLKQILK,5.65
GGLRSLGRKILRAWKKYGPQATPATRQ,6.06
FFSALLSGIKSLF,5.4
YPCKLNLKLGKVPFHF,4.47
ILGKIWKIKKLF,5.7
GPLSCRRNGGVCIPIRCPGPMRQIGTCFGRPVKCCRSW,4.57
ILPFVAGVAAEMMEHVYCAASKKC,5.2175
KWKLFKKIPFLHLAKKF,5.2
GMWSKIKETAMAAAKEAAKAAGKTISDMIKQ,4.71
GILDTLKQFAKGVGKDLVKGAAQGVLSTVSCKLALTC,4.7
FLSLIPHAINAVSAIAKHF,5.18
FLPLAVSLAANFLPKLFCKITKKC,5.6325
FFHHIFRAIVHVPKTIHRLVTG,5.1
INWLKAKKVAGMIL,4.895
GLHKVMREVLGYERNSYKKFFLR,4.98
VCWRIRVAVIRA,4.35
RLARIVVIRWAR,5.55
VQWRIRVCVIRA,4.67
SVLGTVKDLLIGAGKSAAQSVLTANSCKLSNSC,5.418
FLGALWKVAKSVF,5.81
ALWKTMLKKLGTM,4.64
QIAALEQEIAALEQEIAALQ,3.6
LKHGLLKRIKTLL,5.1
ACDTATCVTHRLAGLLSRSGGVVKNNFVPTNVGSKAF,6.26
RGCVYAYVRVRGVLVRYRRCW,4.9
GLRILLLKV,4.11
FLGVVFKLASKVFGAVFGKV,3.92
AIRRWRIRK,4.16
GWRLLLKKAEVKTVGKLALKHYL,5.55
GGLKKLGKKLEGAGKRVFKASEKALPVVVGIKAIGK,6.26
KRGLWESLKRKATKLGDDIRNTLRNFKIKFPVPRQG,5.92
INLKAIAALVKKLL,4.19
GLLSVFKGVLKTAGKNVAKNVAGSLLDQLKCKISGGC,5.51
PRPLPFPRPG,3.3
LRAAHRLAIGRR,4.995
LALKSGGWLRLFGLKDKKH,4.46
GLMSLFKGVLKTAGKHIFKNVGGSLLDQAKCKITGEC,5.22
GFLSILKKVLKKVMAHMK,5.74
GIGKHVGKALKGLKGLLKGLGES,5.7
AREASKSLIGTASCTCRRAWICRWGERHSGKCIDQKGSTYRLCCRR,6.1
NALSMPRNKCNRALMCFG,4.6466666666666665
FFSMIPKIATGIASLVKNL,4.2
GLGSLVGNALRIGAKLL,4.3
FFPTIAGLTKLFCAITKKC,4.1
SPGRPRPFPGRPKPIFRPR,4.0
GLPALISWIKRKR,4.57
GILGKLWEGVKSIF,4.19
GKWKKILGKLIR,5.7
RLGTALPALLKTLLAGLNG,4.77
ILGIITSLLKSL,4.1
VRFRIRVAVIRA,5.973333333333334
LLGDFFRKAREKIGEEFKRIVQRIKDFLRNLVPRTES,4.49
GVCRCVCRRGVCRCVCRR,4.49
GKYGFYTHVFRLKKWMQKVIDRFGG,5.1
GHGHGHGHGH,3.3
KIKKGFKKIFKRLPPIGVGVSIPLAGKR,4.34
KLKLLLLLKLK,4.6075
KVFKRLEKLFSKI,5.51
GFWGKLWEGVKNAI,4.952
GLADFLNKAVGKVVDFVKS,4.0
LNWKAILKHIIK,5.67
LRCIALRKK,4.84
IPCGESCVWIPCITAIAGCSCKNKVCYT,5.2
FRFGSFLKKVWKSKLAKKLRSKGKQLLKDYANKVLNGPEEEAAAPAE,5.64
FLIIRRPIVLGLL,4.6466666666666665
GFLSILKKVLPKVMAHMK,5.7
LNWGAILKHIKK,4.15
KTCMTKKEGWGRCLIDTTCAHSCRKYGYMGGKCQGITRRCYCLLNC,4.91
GVVVRIGRVIVRGVRR,5.1
GCTYNVKPDIQGFELYFIGSVTCG,5.0
KFDPLEGAPMARGIVLEKVG,3.92
GFMGDTLKGIARNAALALMNAAQCKLSGKC,5.253333333333333
LKRRWKWWI,5.62
RIGSILGRLAKGLPTLKSWIKNR,4.9
KRKGSGKRK,4.19
LALERRSGWLRLFGLKPRRKH,4.3
ALRSAVRTVARVGRAVLPHVAI,5.2
RERSKGSKYLYVG,4.09
KKPKLPWLPLK,5.1
FLGVVFKLASKVFPAVFGKV,4.53
GLLTRIKTLL,3.7
INWKALLDAAKKVL,5.355
FAGAAFKALSKLL,3.52
VWRRWRRFWRR,5.5
GIKDWIKGAAKKLIKTVASNIANQ,5.22
STLHLVLALRGG,4.0
FKKFFKKLKNSVKKRAKKFFKKPRVIGVSIPF,5.99
RWCVYAYVRVRGVLVRYRRCR,5.2
KRFKKFFRKLKKSVKKRKKEFKKKPRVIGVSIPF,6.025
IKFEPPLPPKKAH,4.67
RPKHPIKHQGLPQEVLNENLLRFF,4.025
NVWKKILGKIIKVAK,5.96
RRRRWFWF,5.22
TESYFVFSVGM,3.91
GVVDILKGAAKDIAGHLASKVMNKA,4.0
GLFDIVKKVVGAAGSL,4.09
SKWMSLLKHILK,5.67
GFGVLAKVAAHVVPAIAEHF,4.19
KKRWWWWWR,5.28
KRRWRIWLV,5.22
INWKGIAAMKKLL,4.94
PKLLKFLSKWIG,4.62
FLGGLMKAFPALICAVTKKC,5.4
KKWMQKVIDRFGG,3.89
LSFPTTKTYFPHF,5.05
FLGWLFKWAWK,4.77
FASGIAGMAGKLF,3.7
LCAALCLAIGRR,4.89
GKVWDWIKSTAKKLWNSEPVKELKNTALNAAKNLVAEKIGATPS,4.75
FLPKMSTKLRVPYRRGTKDYH,5.300000000000001
LLKWLLKWLKK,5.17
RWKRWWRRKK,5.52
FLFGLASKVFPAVYCKVTRK,4.55
AKKVFKRLEKLFSKIQNWK,5.33
FAVWGCADYRGYCRAACFAFEYSLGPKGCTEGYVCCVPNTF,4.45
KWKLFKKIKFLHSAKKF,5.21
GLFKVLGSVAKHLLPHVAPVIAEK,3.7
WWWLKKIW,4.9
KPPQFTWAQWFETQHINMTSQQSTNAMQVINNYQRRSKNQNTFLL,5.0
VGKTWIKVIRGIGKSKIKWQ,3.85
GVFDIIKGAGKQLIAHAMGKIAEKVGLNKDGN,4.22
FLKVVFKLASKVFGAVFGKV,4.23
IQCGESCVWIPCISSAWGCSCKNKICSS,4.1
RWKIFKKIERVGQNVRDGIIKAGPAIQVLGTAKALGK,6.01
MAFKKLEKVGRNIRDGIIKAGPAVAVIGQATSIARPTGK,6.88
SMLSVLKNLGKVGLGFVAAKIAKQA,4.7
ILPIRSLIKKLL,4.6
GEFKKIVQKIKDFLKNLV,4.22
RVKRVWKLVIRLVKALYKLYRAIKKK,5.12
PRVIETKVHGREVTGLARNVSEENVDRLAKRWIK,4.456666666666666
KKKIIIIIKKK,5.1
SAADKGNVKAAWGKVGGHAAEYGAEALERMFLSF,4.15
GLFDIVKKIAGHIVSSI,4.25
ILIKRK,4.19
RLWLAIGRG,5.0
VVRRPVYIPQPRPPHPRL,5.4
GLIKIVPAMICAVTKKC,3.84
FLPLLLAGLPKLLCLFFKKC,4.82
QRKIRVRLSA,5.79
FLSLIPHAINAVSAIAKHFG,5.22
DIFGAIWPLALGALKNLIK,3.89
KLKLLLKLK,5.025
KWKLFKKPKFLHLAKKF,5.22
GIHDILKYGKKS,5.0
FWPVVIRTVVAGYNLYRAIKKK,5.01
KKYRYHLKPFCKK,4.8
GLFLDTLKKFAKAGMEAVTNPK,4.1
INLKAIAALAKKLL,4.72
RLLLRIGRR,4.58
LLIILRRRWRKQARARSK,5.1
VCNEIGLLKSLCKKFVKGHLGE,4.62
GTLPCGESCVWIPCISSVVGCSCKSKVCYKD,4.1
WKSYVRRW,4.19
GLFPKINKKKAKTGVFNIIKTVGKEAGMDLIRTGIDTIGCKIKGEC,6.0
ILPYKYPYYPYRR,4.25
IAAQGLPQE,2.9
KRKSGSGSKRK,4.19
KWKLFKKIGIGAVLKVLTPGLPALKLTK,6.0
GVVDILKGAAKDIAGHLASKVMAKL,4.3
KWLKKWL,4.1
VLNNLLR,2.6
SIGSALKKALPVAKKIGKIALPIAKAALP,5.7
LTCEIDRSLCLLHCRLKGYLRAYCSQQKVCRCVQ,5.3
KKKKKKKKKKGIGKFLHSAKKFGKAFVGEIMNS,6.08
QADFQKVVAGVANALAHRYH,4.15
GLGSLLGKALKFGLKAAGKFMGGEPQQ,4.6
LCAARCLAIGRR,4.675000000000001
IGKKFKRIVKRIKKWLRKL,5.4
FKCRRWQWRMKKLGAPSITCVRRAF,5.026666666666667
GIWDTLKNVGKAVLGKVLENV,4.913333333333333
SKVGRHGRRFGHRAHRKL,4.0
LRWLRWG,3.89
RKCLRWQWEMRKVGG,4.43
FIRSLFFF,4.0
KLLKLLLKLWKKLLKLLK,4.35
FFTPVLQADFQKVVAGVANALAHRYH,4.14
GFCIPIRCPGHTRQIGTCFGPRVKSCRKW,6.0
GLFTLIKGAAKLIGKTVAKEAGKTGLELMACKITNQC,5.125
FWGLKGLKGPGKFSKKL,4.6
GMAKLLAKVLPHVVKLIK,5.82
GFLGSLLKTGLKVGSNLL,4.3
KLKKLLKKWLKLLKKLLK,5.1
AKKVFKRLEKLFSKIWNWK,5.736666666666666
FLKGIKGMLGKLL,5.07
VTCDVLSFEAKGIAVNHSAAALHCIALRKKGGSCQNGVAVCRN,4.0
RKCLRWQWRMRKYGG,5.0
FLPLIAGVAANFLPKIFCLISKKC,4.0
AKKVFKRLPKLFSKIWNWK,6.72
VRLWIRVAVIRA,5.386666666666667
VLSAADKNNVKGIFTKIAGHAEEYGAETLERMFTTYPPTKTY,5.4
FLGALFKALSKVL,4.55
STLHLALRLRGG,4.0
FVPWFSKFLPRIL,4.470000000000001
FLPVVAGLAAKVLPSIICAVTKKC,4.35
AACSDRAHGHICESFKSFCKDSGRNGVKLRANCKKTCGLC,5.75
KWKLFKKIEKVGQGIGAVLKVLTTGL,6.03
KWRRWIRWW,5.07
KIAGKIAKKAGKIAK,3.78
INLKAIAALARNY,4.475
RRRWWKLMM,5.57
GLLDSVKEGLKKVAGQLLDTLKCKISGCTPA,5.45
GFLGPLLKLGLKGVAKVIPHLIPSRQQ,4.4
LLKRIKTLL,4.26
FKCRRWQWRMAKLGA,4.46
RPKHPIKHQGLPQEVLNENLLRFFVAPFPEVFGKEKV,4.24
RLPRPVYIPQPRPPHPRL,5.25
STLHLVLRLAGG,4.0
FLPLLLAGLPSFLCLVFKKC,3.29
GNNRPVYIPQPRPPHPRF,4.22
KKLLFKLKFK,5.62
GFMDTAKNVAKNVAVTLLDNLKCKITKAC,5.87
FRVTWRTKWWKG,5.22
KIWFQNRRMKWKK,3.89
RRRRRRRRRRGIGKFLHSAKKFGKAFVGEIMNS,6.11
IKRFWPVVIRTVVAGYNLYRAIKKK,5.605
SMLSVLKNLKKVKLKFVACKINKQC,3.7
SRWPSPGRPRPFPGRPKPIFRPR,5.355
KRKILILIKRKRK,4.8
FHFHLHFPYPFIKHFIHRF,4.31
ILPWKKPKKPWRR,5.54
GLNALKKVFQGIHEAFKLINNHVQ,4.7
FIGGLRRLFATVVGTVVGAINKLGGG,5.31
KKWKKFIKKIGIGAVLTTPGAKK,5.7
LHCIALRKK,5.13
FLPGLIKAAVGIGSTIFCKISRKC,4.0
SIPCGESCVFIPCTVTALLGCSCKSKVCYKN,4.9366666666666665
GILSKLLKKLKKIIAK,4.74
IPAMEPAARVKRSPGYGGCSPRWACGGYG,4.0
ALWKKLLKKLLKSAKKLG,5.73
KWAKKWKWFAKAAWKWYKK,4.41
GLIGSIGKALGGLLVDVLKPKLQAAS,4.4
KQLKKVSAVAKVAMKKGAALLKKMGVK,4.3
WWSYWWTQW,4.06
RRWFW,5.05
KKIMRTFLRRISKKILTGKK,5.029999999999999
GLTFLKKILNFAKKIYTAIW,4.87
FKCRAWQWRMKKLGA,4.21
GLLSVLGSVVKHVIPHVVPVIAEHL,4.359999999999999
GSVIGCGETCLRGRCYTPGCTCDHGICKKN,4.7
AKRRLLKKMK,4.0
MVALLKSLERRRLMITISTMLQFGLFLIALIGLVIKLIELSNKK,4.6
LRHKVYGYCVLGP,4.37
YRWARWWRR,5.16
KSKEKIGKEFKRIVQRIKDFLRNLVPRTES,5.1
FTCDVLSVEAKGVKLNHAACGIHCLFRRRTGGYCNKKRVCICR,5.52
IGKLFKRIVQRIKKFLRNL,5.1
ALYKTMLKKLGTMAL,4.33
GFKRIVQRIKDFLRNLV,5.135
FLGLLFKVASK,3.79
VRNFVTCRINRGFCVPIRCPGHRRQIGTCLGPQIKCCR,4.4
FKRLKKLFKKIWNWK,5.550000000000001
VKRFKKFFRKLKKSVKK,4.99
CWTKSIPPRPC,3.11
NLCASLRARHTIPQCKKFGRR,5.59
VVKCSYRQGSPDSR,3.9
GCRRWKKFRWRYRGKFWFWCG,4.36
ISRLAGLVRKGGEKFGEKLRKIGQKIKEFFQKLALEIEQ,6.195
YVLLKRKRLIFI,4.3
GEFRRIVQRIRDFLRNLV,4.22
INWLKLGKAIIDAL,3.653333333333333
GWLKKIGKKIERVGQHTRDATIQTIGVAQQAANVAATLKG,5.906666666666666
GIFSKISGKAIKNLFIKGAKNVGKEVGIDVVRTGMDVVGCKIKGEC,5.4
AAHHIARPIVHVGKTIHRLVTG,4.8
KWLLKWL,4.39
FLPIVASLAANFLPKIICKITKKC,4.0
KWKLFKKIGKVLKVL,6.3
FRIRVRVFKRIVQRIKDFLR,5.550000000000001
ASPTVFRSSVFLSLFVVAKK,3.93
LSPAVMASLA,3.7
ILSLRWWRKWWKK,4.8
FKALLWQWRM,3.84
NQHGQVVKIFHH,2.49
GLKALKKVFKGIHKAIKLINNHVQ,5.3
GAWKNFWSSLRKGFYDGEAGRAIRR,4.41
NYISFFRKCKNSQST,4.45
FRFKFRFK,4.88
KKKAAAFAAWAAFAKKK,4.593333333333334
WLNALLKKGLNCAKGVLA,5.15
GIADILKYGKPS,4.3
GKWMSLLKHILK,5.8
RWRWWWRVY,5.8
GIGKFLHAALLFAKAFVAEIMNS,5.91
ALWKNMLKGIGKLAGKAALGAVKKLVGAES,6.033333333333333
SKCYQWQWRMRKLGA,3.76
FRFRCRRRFCRFRF,6.0
RQWQSKIRRT,3.52
LLGDFFRKAKEKIGKEFKRIVQR,4.416666666666666
KLPLLPWLPLK,4.19
RPRCWIKIKFRCKSLKF,4.71
KRLRKFRNKIKEKLKKIG,6.66
GWLDVAKKKGKAAFNVAKNFI,5.1
AKCLRWQWEMRKVGG,3.41
IRVKIRVK,4.21
LIGSLVRGILPLF,3.74
AWASFFKKAAHVAKHVAKAALTHYL,6.14
RVVRPVVQVVKQKVR,4.45
TSGKYPNCRYKEKRQNKSYVVACKPPQKKDSQQFHLVPVHLDRVL,5.72
GIMSSLMKKLAAIIAK,5.44
GLFSKFAGKGIVNFLIEGVE,4.838
RWWLRRIW,4.6
GLKDIFKAGLGSLVKGIAAHVAN,4.6
LIQRGRFGRFLGRIRRFRPRINFDIRARGSIRLG,5.265
GFLSILKKVLGKVMAHMK,5.74
HSDAVFTDNYTRLRKQMAVKKYLNSILN,5.81
GLGSVLGKALKIGANLL,4.9
LGAWLAGKVAGTVATYAWNRYV,4.6
GSKKPVPIIYCNRRTGKCQRM,6.39
SLLSLIRKLLT,5.8
KWKSFLKTFKSPARTVLYTALKPISS,6.28
RLKKWMQKVIDRFGG,4.04
GSKKPVPIIYCNRRAATGKCQRM,5.555
RIKRFWPVVIRTVVAGYN,5.79
WRPGRWWRPGRWWRPGRW,5.25
FLFSLIPKAIGGLISAFK,5.3
AWLDKLKSLGKVVG,4.07
LWGTRSGIQP,4.0
SIRDKIKTIAIDLAKSAGTGVLKTLICKLNKSC,5.1875
GLLSKFGRLARKLARVIPKV,6.0
YVLAKRKRAIFI,3.7
ILGEIWKGIKDIL,4.09
GMWSKIKNAGKAAAKAAAKAAGKAALDAVSEAI,5.3
KSLRPRCWIKIKFRCKSLKF,4.98
FFPIVGKLLS,4.635
GLNALKKVFQGIHEAIKLFNNHVQ,5.0
GLLGPLLKIAAKVGSKLL,4.9
KRFKKFFKKVKKSV,4.15
LKLSPETKDTLKKVLKGAIKGAIAIASLA,4.4
ALVYAGIKKTAFLKVQKCDG,3.92
GNNRPVYIPRPRPPHPRLV,5.46
GILDAIKAIAKAAG,4.615
KKWWKAKKFANSGPNALQTLAQ,4.54
FLGELWNVAKSVF,4.3
GLLSGILGAGKNIVCGLSGLC,5.205
INWKKIASIGKEVLKA,4.12
MWSKILGHLIR,4.3
VKWRWKKWRWKWKWKV,4.38
GFLGPLLKLGLKGAAKLLPQLLPSRQQ,4.3
LLPIVGNLLKSLLGWKRKAFG,4.0
FKRLKKLISWIKRKRQQ,6.0
RFRPPIRRPPIRPPFNPPFRPPVRPPFRPPFRPPFRPPIGPFP,6.51
GLWTTIKEGLKKFSLGVLDKIRCKIAGGC,4.12
APDRPRKFCGILG,3.85
KRIVKLILKWLR,5.1
IKFEPPLPPKKAHKKFWEDDGIYYPPNHNFP,5.4
FLPAIVGAAAKFLPKIFCVISKKC,4.82
VDKGRYLEAPTPPRPIYNRN,4.7
LLKKLLKKLLKKC,4.02
APKGVQGPNG,5.06
QDGMYQRFLRQHVHPEETGGSDRYSNLMMQRRKMTLYHSKRFNTFIH,6.52
GLLGPLLKIAAKVGKNLL,4.9
KKLLKWLLKLL,5.35
GLLARIKTLL,4.84
PLPFPRPGPRPIPRPLPFPRPGPRPIPRP,5.23
FLPLLLSALPSFLCLVFKKC,4.083333333333334
SLWETIKNAGKGFIQNILDKIR,4.895
GVVVRVGRVVVRWV,5.1
FLGLLFHGVHHVGKWIHGLIHGHH,4.913
WWRWRW,5.03
KVMAHMK,4.0
RKVAPALIKSFVFLFKFKKG,3.96
GLFRALLRLLRSLWRLLLRA,4.19
PIPRPLPFPRPGPRPIPRPLPFPRPGPRPIPRP,5.94
RFRLPFRRPPIRIHPPPFYPPFRRFL,5.426666666666667
GIGGVLLSAGKAALKGLTKVLAEKYAN,4.0600000000000005
GLNTLKKVIQGLHEVIKLVNNHA,5.22
RNSVRNRVMLWRTKR,4.19
LPFFLLSLIPSAISAIKKI,4.62
WPKRLTKAHWFEIQHIQPSPLQCNRAMSGINNYTQHCKHQNTFLH,5.9
RLSRIVVIRVSR,5.906666666666667
NWVKEWIKYLKSLFSHAFEVVKT,5.0
GPRSSNHKRGLSRVGNSNPGKYLAKYSFRPVILSSKPLSPTPTKT,6.09
FLGGLIKIVPAMICAVRKKC,3.94
RLWLAIKRR,5.550000000000001
FLGVVFKKASKVFGAVFGKV,4.52
GIGGALLSAGKSALKGLAKGLAEHL,4.035
KIGKAIKWGKAIKIGKAI,4.78
SFVFKLASKVVPSVFSALTR,3.93
GIGKFLHSAKKAGKAFVGEIMNS,4.19
HHHHRFGKIGHELHKGVKKVEKVTHDVNKVTSGVKKVASSIEKAKNV,5.15
LPAVFKLASKVFPAVYCKAS,4.22
GRRPRPRPRPFFFF,3.8
GKWMSLLKHWLK,5.43
GLFTLIKGAAKLIGKTTAKEAGKTGKLEMACKITNQC,5.846666666666667
WRWRCRRRFCRWRW,5.4
WWWLRRIR,4.6
RHRHRHRHRHRH,5.25
KINNPVSCLRKGGRCWNRCIGNTRQIGSCGVPFLKCCKRK,5.75
KWKLFKKIGIGAVLKVLTTG,5.800000000000001
GLFDVIKKVASVIGLASP,4.26
KKIASIGKEVLKAL,4.0
KFFRKLKKSVKKRAKKFFKKPRVIGVSIPF,5.56
LEQLLRLKKY,3.2
LPVVFKIASKVVPSVISKIT,3.92
GLLDTIKNMALNAAKSAGVSVLNSLSCKDSKTC,5.69
GCRRWCYKQRCVTYCRGR,5.7
LLGMIPLAISAISALSKL,3.795
GLGSLLGKAFKIGLKTVGKMMGGAPREQ,5.3
GLLKRIKILL,5.11
TPFKLSLHL,4.85
FKARLWQWRM,4.15
KKSCHTGLKKSAGWVIPIGTLVKNGIIVR,4.49
FLPVIAGVAAKFLPKIACAITKKC,5.15
GKGALKKFLAKKVAKTVAKQAAKQGAKYVVNKQME,5.0
APRKNVKW,4.19
FLPVILPVIGKLLSGIL,4.06
FFRLLFHGVHHGGGYLNAA,4.482
GAKALTKAATAFTKFYKTIW,5.14
RRRIKIRWY,4.64
KILRGVSKKIMRTFLRR,5.27
GLFDIVKKVV,3.94
KKLKLAPAKLALLWKALALKLKKA,6.22
KKIMRTFLRR,4.2250000000000005
FLPILASLAAKFGPKLFSLVTKKS,4.3
RIKRFWPVVIRTVVAGYNLY,4.783333333333333
ILPWKKPKKPKRR,5.22
KWKSFIKNLTKGGSKILTTGLPALIS,5.775
APKAMRLLRRLLRLQKKGI,6.35
KWKSFIKKLTSAAKKVTTAAKPLTK,6.14
IFGAIAGLLKNIF,5.136666666666667
RAGLQFPVGRVHRLLR,5.07
EWRPHGSIGGSGLRPGRPQTLPPQRPRRPDFNGPRHRF,4.0
GKLFKKILKFL,5.22
KISGKAIKNLFIKGAKNVGKEVGMDVVRTGIDVVGCKIKGEC,6.125
GRPMGHQAIETGLNIFRGLFKGKKKNKKTK,5.33
ITIPPIVKDTLKKFFKGGIAGVMGQ,4.4
AGYLLPKINLKPLAKLPKKIL,4.26
RRWWRHWRR,4.67
GSKRWRKFEKRVKKVFEHTKEALPVIQGVATVVGAVGRR,6.15
FFPLALLCKVFKKC,4.6
EPFKLSLHL,4.86
RWWRWRKWW,5.59
GETFDKLKEKLKTFYQKLVEKAEDLKGDLKAKLS,4.1000000000000005
FLQHIIGALGHLF,4.576666666666666
DKGRYLEAPTRPRPERNRK,4.7
FWQKMSFA,4.35
GIGAVVKVLTTGVPAVISWIKRKRQQ,5.470000000000001
RRFFFRFRRF,4.735
LRVRRTLQCSCRRVCRNTCSCIRLSRSTYAS,5.54
FVQWFSRFLGRIL,4.62
GNNRPVYIPQPRPPHPR,7.3
VLNENLLK,2.6
ALWKNMLKGIGKLAGQAALGAVKTLVGA,5.63
GKLSSLWKKLKKIIAK,4.7
RRRPRPPYLPRPRPPPFFPPRLPPRI,6.1
KESRAKKFQRQHMDSDSSPSSSSTYSNQMMRRRNMTQGRSKPVNTFVH,5.05
PKLKFLSKWIG,3.81
GAFGDLLKGVAKEAGMKLLNMAQCKLSGKC,4.49
KWKLFKKIPHLAKKF,4.9
RWCVYAYVRVAGVLVRYRRCW,5.05
GLFDVIK,2.89
GMWKKILGHLIR,5.720000000000001
LDDLKGTFAALSELHCDKLHVDPENFKLLGNVLVVVLARNFGKEFTPVL,3.74
AATGTGKTAAFALPVLERLI,3.89
SAVWRWRRFWLRKRK,5.5
FLPAVLRVAAQVVPTVFCAISKKC,4.246
IRRQGLPE,2.6
GIWTCRKKRA,3.98
GIKDILKYGKPS,5.0
KEKLKLKCKAPKCYNDKLACT,4.08
KLALKAALKAWKAAAKLA,5.26
GRRPRPRPRPWWWW,4.7
AVAGEKLWLLPHLLKMLLTPTP,3.79
GSKRWRKFEKRVKKIFEETKEALPVVQGVVAVATAVGRR,5.85
IKLSPETKKNLKKVLKGAIKGAIAVAKMV,5.2
FKRIVQRIKDFLR,4.5600000000000005
ILPFVAGVAAEMMKHVYCAASKKC,5.17
KNWGKILKHIIK,4.955
FLGALFKVWSK,3.81
RRWWWR,4.65
RAGLKFPVGRVHRLLR,5.02
LKKLLKKL,3.3
GKWMSLLKHIWK,5.3
GIGAVLIVLTTGLPALISWIKRKRQQ,5.18
GLVGTLLGHIGKAILS,3.9
KVQNQHGQVVKIFHH,2.49
KKINNPVSCLRKGGRCWNRCIGNTRQIGSCGVPFLKCCKRK,5.46
ALYKRLFKKLKKF,4.53
GLLSRIKTLL,4.0
FSGGNCRGFRRRCFCTK,5.12
KKKKPLFGLFFGLF,5.52
GSAIRCGESCLLGKCYTPGCTCDRPICKKN,5.0
IRVKIRVKIRVK,4.99
GFCRCLCRRGVCRCICTR,4.55
FFHHIKRGIKHVGKTIHRLVTG,5.34
KRFGRLAKSFLRMRILLPRRKILLAS,5.835
SNWKKIASIGKEVLKAL,4.6
MLTAEEKAAVTAF,5.4
GFVALLKKLPLILKHLH,5.51
ILKWKWPWWPWRR,5.29
ILGKILKGIKKLF,5.7
FLPAVIRVAANVLPTAFCAISKKC,5.515000000000001
GLIGSIGKALGGLLVDVLKPKL,4.33
ALFSILRGLKKLGNMGQAFVNCKIYKKC,5.1
KRFWPVVIRTVVAGYNLYRAIKKK,5.245
LGGLIKIVPAMICAVTKKC,3.82
NWRKLYRRK,4.06
WKKIWSKIKKLLK,5.2
FFHHIFRGIVHVGKTVHRLVTG,4.7
KWKRWWWFR,4.97
RPKPRPRPRPE,3.7
FLPMLAGLAASMVPKLVCLITKKC,4.666666666666667
